relative_path,file_name,extension,status,read_error,size_bytes,drug_root_label,primary_drug_label,primary_pH_label,condition_folder,view_folder,variant_label,model_label,model_label_source,model_bucket,comparison_pair_id,reference_manufacturer_label,manufacturer_label,reference_batch_label,comparison_batch_label,batch_pair,comparison_scope,sample_replicate_id,left_replicate_id,right_replicate_id,repeat_group_base_key,repeat_group_model_key,repeat_observation_key,repeat_group_complete,repeat_group_consistency_status,repeat_group_consensus_verdict,potential_error_label,left_product_name,left_manufacturer_label,left_batch_label,right_product_name,right_manufacturer_label,right_batch_label,manufacturer_pair,verdict,verdict_raw,char_count,word_count,has_experiment_section,experiment_fields_expected,experiment_fields_present,experiment_completeness_pct,experiment_time_interval_present,experiment_other_conditions_present,has_image_analysis_section,image_analysis_block_count,dimension_coverage_count,dimension_coverage_pct,dimension_avg_words,dimension_generic_count,dimension_duplicate_count,dimension_detail_score_pct,has_mechanism_section,mechanism_hypothesis_count,mechanism_follow_up_item_count,mechanism_evidence_trace_count,reference_trace_level,possible_placeholder_reference,mechanism_score_pct,reference_verify_placeholder,has_final_report_section,comparison_table_present,comparison_table_rows,reason_keyword_count,evidence_link_count,judgment_basis_clear,reasoning_score_pct,structural_completeness_pct,overall_quality_score_pct
01-硝苯地平控释片30mg-拜新同-BJ86516-Side-36h-750X-1vs01-硝苯地平控释片30mg-拜新同-BJ86516-Side-36h-750X-1-1.docx,01-硝苯地平控释片30mg-拜新同-BJ86516-Side-36h-750X-1vs01-硝苯地平控释片30mg-拜新同-BJ86516-Side-36h-750X-1-1.docx,.docx,ok,,33975,,硝苯地平控释片30mg,,,,slot_1,,variant_fallback,slot_1,01-硝苯地平控释片30mg-拜新同-BJ86516-Side-36h-750X-1vs01-硝苯地平控释片30mg-拜新同-BJ86516-Side-36h-750X-1,拜新同,拜新同,BJ86516,BJ86516,BJ86516 vs BJ86516,same_manufacturer,1,1,1,硝苯地平控释片30mg || 拜新同 vs 拜新同 || BJ86516 vs BJ86516,硝苯地平控释片30mg || 拜新同 vs 拜新同 || BJ86516 vs BJ86516 || slot_1,硝苯地平控释片30mg || 拜新同 vs 拜新同 || BJ86516 vs BJ86516 || 1,0,insufficient,same,,硝苯地平控释片30mg,拜新同,BJ86516,硝苯地平控释片30mg,拜新同,BJ86516,拜新同 vs 拜新同,same,same,58860,8484,1,6,5,83.33,1,1,1,8,8,100.0,59.38,1,0,99.45,1,0,0,7,generic,1,29.0,0,1,1,6,1,7,1,79.17,100.0,82.81
01-硝苯地平控释片30mg-拜新同-BJ86516-Side-36h-750X-1vs01-硝苯地平控释片30mg-拜新同-BJ86516-Side-36h-750X-1-2.docx,01-硝苯地平控释片30mg-拜新同-BJ86516-Side-36h-750X-1vs01-硝苯地平控释片30mg-拜新同-BJ86516-Side-36h-750X-1-2.docx,.docx,ok,,35785,,硝苯地平控释片30mg,,,,slot_2,,variant_fallback,slot_2,01-硝苯地平控释片30mg-拜新同-BJ86516-Side-36h-750X-1vs01-硝苯地平控释片30mg-拜新同-BJ86516-Side-36h-750X-1,拜新同,拜新同,BJ86516,BJ86516,BJ86516 vs BJ86516,same_manufacturer,1,1,1,硝苯地平控释片30mg || 拜新同 vs 拜新同 || BJ86516 vs BJ86516,硝苯地平控释片30mg || 拜新同 vs 拜新同 || BJ86516 vs BJ86516 || slot_2,硝苯地平控释片30mg || 拜新同 vs 拜新同 || BJ86516 vs BJ86516 || 1,0,insufficient,same,,硝苯地平控释片30mg,拜新同,BJ86516,硝苯地平控释片30mg,拜新同,BJ86516,拜新同 vs 拜新同,same,same,61485,8893,1,6,5,83.33,1,1,1,8,8,100.0,58.62,1,0,99.45,1,0,0,6,generic,1,29.0,0,1,1,6,2,7,1,85.83,100.0,83.81
01-硝苯地平控释片30mg-拜新同-BJ86516-Side-36h-750X-1vs01-硝苯地平控释片30mg-拜新同-BJ86516-Side-36h-750X-1-3.docx,01-硝苯地平控释片30mg-拜新同-BJ86516-Side-36h-750X-1vs01-硝苯地平控释片30mg-拜新同-BJ86516-Side-36h-750X-1-3.docx,.docx,ok,,34604,,硝苯地平控释片30mg,,,,slot_3,,variant_fallback,slot_3,01-硝苯地平控释片30mg-拜新同-BJ86516-Side-36h-750X-1vs01-硝苯地平控释片30mg-拜新同-BJ86516-Side-36h-750X-1,拜新同,拜新同,BJ86516,BJ86516,BJ86516 vs BJ86516,same_manufacturer,1,1,1,硝苯地平控释片30mg || 拜新同 vs 拜新同 || BJ86516 vs BJ86516,硝苯地平控释片30mg || 拜新同 vs 拜新同 || BJ86516 vs BJ86516 || slot_3,硝苯地平控释片30mg || 拜新同 vs 拜新同 || BJ86516 vs BJ86516 || 1,0,insufficient,same,,硝苯地平控释片30mg,拜新同,BJ86516,硝苯地平控释片30mg,拜新同,BJ86516,拜新同 vs 拜新同,same,same,61374,8900,1,6,6,100.0,1,1,1,8,8,100.0,65.8,1,0,99.45,1,0,0,6,generic,1,29.0,0,1,1,7,1,7,1,82.92,100.0,86.71
01-硝苯地平控释片30mg-拜新同-BJ86516-Side-36h-750X-1vs02-硝苯地平控释片30mg-易释-2506K003-Side-36h-750X-1-1.docx,01-硝苯地平控释片30mg-拜新同-BJ86516-Side-36h-750X-1vs02-硝苯地平控释片30mg-易释-2506K003-Side-36h-750X-1-1.docx,.docx,ok,,34791,,硝苯地平控释片30mg,,,,slot_1,,variant_fallback,slot_1,01-硝苯地平控释片30mg-拜新同-BJ86516-Side-36h-750X-1vs02-硝苯地平控释片30mg-易释-2506K003-Side-36h-750X-1,拜新同,易释,BJ86516,2506K003,BJ86516 vs 2506K003,cross_manufacturer,1,1,1,硝苯地平控释片30mg || 拜新同 vs 易释 || BJ86516 vs 2506K003,硝苯地平控释片30mg || 拜新同 vs 易释 || BJ86516 vs 2506K003 || slot_1,硝苯地平控释片30mg || 拜新同 vs 易释 || BJ86516 vs 2506K003 || 1,0,insufficient,same,,硝苯地平控释片30mg,拜新同,BJ86516,硝苯地平控释片30mg,易释,2506K003,拜新同 vs 易释,same,same,62944,9181,1,6,5,83.33,0,1,1,8,8,100.0,60.67,0,0,100.0,1,0,0,6,generic,1,29.0,0,1,1,6,2,7,1,85.83,100.0,83.89
01-硝苯地平控释片30mg-拜新同-BJ86516-Side-36h-750X-1vs02-硝苯地平控释片30mg-易释-2506K003-Side-36h-750X-1-2.docx,01-硝苯地平控释片30mg-拜新同-BJ86516-Side-36h-750X-1vs02-硝苯地平控释片30mg-易释-2506K003-Side-36h-750X-1-2.docx,.docx,ok,,35638,,硝苯地平控释片30mg,,,,slot_2,,variant_fallback,slot_2,01-硝苯地平控释片30mg-拜新同-BJ86516-Side-36h-750X-1vs02-硝苯地平控释片30mg-易释-2506K003-Side-36h-750X-1,拜新同,易释,BJ86516,2506K003,BJ86516 vs 2506K003,cross_manufacturer,1,1,1,硝苯地平控释片30mg || 拜新同 vs 易释 || BJ86516 vs 2506K003,硝苯地平控释片30mg || 拜新同 vs 易释 || BJ86516 vs 2506K003 || slot_2,硝苯地平控释片30mg || 拜新同 vs 易释 || BJ86516 vs 2506K003 || 1,0,insufficient,same,,硝苯地平控释片30mg,拜新同,BJ86516,硝苯地平控释片30mg,易释,2506K003,拜新同 vs 易释,same,same,65418,9469,1,6,6,100.0,1,1,1,8,8,100.0,59.05,0,0,100.0,1,0,0,6,generic,1,29.0,0,1,1,6,2,7,1,85.83,100.0,87.22
01-硝苯地平控释片30mg-拜新同-BJ86516-Side-36h-750X-1vs02-硝苯地平控释片30mg-易释-2506K003-Side-36h-750X-1-3.docx,01-硝苯地平控释片30mg-拜新同-BJ86516-Side-36h-750X-1vs02-硝苯地平控释片30mg-易释-2506K003-Side-36h-750X-1-3.docx,.docx,ok,,35321,,硝苯地平控释片30mg,,,,slot_3,,variant_fallback,slot_3,01-硝苯地平控释片30mg-拜新同-BJ86516-Side-36h-750X-1vs02-硝苯地平控释片30mg-易释-2506K003-Side-36h-750X-1,拜新同,易释,BJ86516,2506K003,BJ86516 vs 2506K003,cross_manufacturer,1,1,1,硝苯地平控释片30mg || 拜新同 vs 易释 || BJ86516 vs 2506K003,硝苯地平控释片30mg || 拜新同 vs 易释 || BJ86516 vs 2506K003 || slot_3,硝苯地平控释片30mg || 拜新同 vs 易释 || BJ86516 vs 2506K003 || 1,0,insufficient,same,,硝苯地平控释片30mg,拜新同,BJ86516,硝苯地平控释片30mg,易释,2506K003,拜新同 vs 易释,same,same,61899,8912,1,6,5,83.33,1,1,1,8,8,100.0,58.61,0,0,100.0,1,0,0,7,generic,1,29.0,0,1,1,6,3,7,1,92.5,100.0,84.89
01-硝苯地平控释片30mg-拜新同-BJ86516-Side-36h-750X-1vs03-硝苯地平控释片30mg-奈特-240419111-Side-36h-750X-1-1.docx,01-硝苯地平控释片30mg-拜新同-BJ86516-Side-36h-750X-1vs03-硝苯地平控释片30mg-奈特-240419111-Side-36h-750X-1-1.docx,.docx,ok,,34246,,硝苯地平控释片30mg,,,,slot_1,,variant_fallback,slot_1,01-硝苯地平控释片30mg-拜新同-BJ86516-Side-36h-750X-1vs03-硝苯地平控释片30mg-奈特-240419111-Side-36h-750X-1,拜新同,奈特,BJ86516,240419111,BJ86516 vs 240419111,cross_manufacturer,1,1,1,硝苯地平控释片30mg || 拜新同 vs 奈特 || BJ86516 vs 240419111,硝苯地平控释片30mg || 拜新同 vs 奈特 || BJ86516 vs 240419111 || slot_1,硝苯地平控释片30mg || 拜新同 vs 奈特 || BJ86516 vs 240419111 || 1,0,insufficient,same,,硝苯地平控释片30mg,拜新同,BJ86516,硝苯地平控释片30mg,奈特,240419111,拜新同 vs 奈特,same,same,61104,8890,1,6,5,83.33,1,1,1,8,8,100.0,61,0,0,100.0,1,0,0,6,generic,1,29.0,0,1,1,6,2,7,1,85.83,100.0,83.89
01-硝苯地平控释片30mg-拜新同-BJ86516-Side-36h-750X-1vs03-硝苯地平控释片30mg-奈特-240419111-Side-36h-750X-1-2.docx,01-硝苯地平控释片30mg-拜新同-BJ86516-Side-36h-750X-1vs03-硝苯地平控释片30mg-奈特-240419111-Side-36h-750X-1-2.docx,.docx,ok,,34297,,硝苯地平控释片30mg,,,,slot_2,,variant_fallback,slot_2,01-硝苯地平控释片30mg-拜新同-BJ86516-Side-36h-750X-1vs03-硝苯地平控释片30mg-奈特-240419111-Side-36h-750X-1,拜新同,奈特,BJ86516,240419111,BJ86516 vs 240419111,cross_manufacturer,1,1,1,硝苯地平控释片30mg || 拜新同 vs 奈特 || BJ86516 vs 240419111,硝苯地平控释片30mg || 拜新同 vs 奈特 || BJ86516 vs 240419111 || slot_2,硝苯地平控释片30mg || 拜新同 vs 奈特 || BJ86516 vs 240419111 || 1,0,insufficient,same,,硝苯地平控释片30mg,拜新同,BJ86516,硝苯地平控释片30mg,奈特,240419111,拜新同 vs 奈特,same,same,61085,8832,1,6,5,83.33,0,1,1,8,8,100.0,58.31,1,0,99.45,1,0,0,6,generic,1,29.0,0,1,1,6,0,7,0,72.5,100.0,81.81
01-硝苯地平控释片30mg-拜新同-BJ86516-Side-36h-750X-1vs03-硝苯地平控释片30mg-奈特-240419111-Side-36h-750X-1-3.docx,01-硝苯地平控释片30mg-拜新同-BJ86516-Side-36h-750X-1vs03-硝苯地平控释片30mg-奈特-240419111-Side-36h-750X-1-3.docx,.docx,ok,,38913,,硝苯地平控释片30mg,,,,slot_3,,variant_fallback,slot_3,01-硝苯地平控释片30mg-拜新同-BJ86516-Side-36h-750X-1vs03-硝苯地平控释片30mg-奈特-240419111-Side-36h-750X-1,拜新同,奈特,BJ86516,240419111,BJ86516 vs 240419111,cross_manufacturer,1,1,1,硝苯地平控释片30mg || 拜新同 vs 奈特 || BJ86516 vs 240419111,硝苯地平控释片30mg || 拜新同 vs 奈特 || BJ86516 vs 240419111 || slot_3,硝苯地平控释片30mg || 拜新同 vs 奈特 || BJ86516 vs 240419111 || 1,0,insufficient,same,,硝苯地平控释片30mg,拜新同,BJ86516,硝苯地平控释片30mg,奈特,240419111,拜新同 vs 奈特,same,same,70493,10108,1,6,6,100.0,1,1,1,8,8,100.0,58.83,0,0,100.0,1,0,0,13,generic,1,29.0,0,1,1,7,3,7,1,96.25,100.0,88.79
01-硝苯地平控释片30mg-拜新同-BJ86516-Side-36h-750X-1vs04-硝苯地平控释片30mg-欣适平-58-240203-Side-36h-750X-1-1.docx,01-硝苯地平控释片30mg-拜新同-BJ86516-Side-36h-750X-1vs04-硝苯地平控释片30mg-欣适平-58-240203-Side-36h-750X-1-1.docx,.docx,ok,,35573,,硝苯地平控释片30mg,,,,slot_1,,variant_fallback,slot_1,01-硝苯地平控释片30mg-拜新同-BJ86516-Side-36h-750X-1vs04-硝苯地平控释片30mg-欣适平-58-240203-Side-36h-750X-1,拜新同,欣适平,BJ86516,58,BJ86516 vs 58,cross_manufacturer,1,1,1,硝苯地平控释片30mg || 拜新同 vs 欣适平 || BJ86516 vs 58,硝苯地平控释片30mg || 拜新同 vs 欣适平 || BJ86516 vs 58 || slot_1,硝苯地平控释片30mg || 拜新同 vs 欣适平 || BJ86516 vs 58 || 1,0,insufficient,same,,硝苯地平控释片30mg,拜新同,BJ86516,硝苯地平控释片30mg,欣适平,58,拜新同 vs 欣适平,same,same,65296,9393,1,6,5,83.33,1,1,1,8,8,100.0,65.19,1,0,99.45,1,0,0,6,generic,1,29.0,0,1,1,6,3,6,1,92.5,100.0,84.81
01-硝苯地平控释片30mg-拜新同-BJ86516-Side-36h-750X-1vs04-硝苯地平控释片30mg-欣适平-58-240203-Side-36h-750X-1-2.docx,01-硝苯地平控释片30mg-拜新同-BJ86516-Side-36h-750X-1vs04-硝苯地平控释片30mg-欣适平-58-240203-Side-36h-750X-1-2.docx,.docx,ok,,34991,,硝苯地平控释片30mg,,,,slot_2,,variant_fallback,slot_2,01-硝苯地平控释片30mg-拜新同-BJ86516-Side-36h-750X-1vs04-硝苯地平控释片30mg-欣适平-58-240203-Side-36h-750X-1,拜新同,欣适平,BJ86516,58,BJ86516 vs 58,cross_manufacturer,1,1,1,硝苯地平控释片30mg || 拜新同 vs 欣适平 || BJ86516 vs 58,硝苯地平控释片30mg || 拜新同 vs 欣适平 || BJ86516 vs 58 || slot_2,硝苯地平控释片30mg || 拜新同 vs 欣适平 || BJ86516 vs 58 || 1,0,insufficient,same,,硝苯地平控释片30mg,拜新同,BJ86516,硝苯地平控释片30mg,欣适平,58,拜新同 vs 欣适平,same,same,62200,8920,1,6,6,100.0,0,1,1,8,8,100.0,58.72,0,0,100.0,1,0,0,6,generic,1,29.0,0,1,1,6,1,7,1,79.17,100.0,86.23
01-硝苯地平控释片30mg-拜新同-BJ86516-Side-36h-750X-1vs04-硝苯地平控释片30mg-欣适平-58-240203-Side-36h-750X-1-3.docx,01-硝苯地平控释片30mg-拜新同-BJ86516-Side-36h-750X-1vs04-硝苯地平控释片30mg-欣适平-58-240203-Side-36h-750X-1-3.docx,.docx,ok,,35612,,硝苯地平控释片30mg,,,,slot_3,,variant_fallback,slot_3,01-硝苯地平控释片30mg-拜新同-BJ86516-Side-36h-750X-1vs04-硝苯地平控释片30mg-欣适平-58-240203-Side-36h-750X-1,拜新同,欣适平,BJ86516,58,BJ86516 vs 58,cross_manufacturer,1,1,1,硝苯地平控释片30mg || 拜新同 vs 欣适平 || BJ86516 vs 58,硝苯地平控释片30mg || 拜新同 vs 欣适平 || BJ86516 vs 58 || slot_3,硝苯地平控释片30mg || 拜新同 vs 欣适平 || BJ86516 vs 58 || 1,0,insufficient,same,,硝苯地平控释片30mg,拜新同,BJ86516,硝苯地平控释片30mg,欣适平,58,拜新同 vs 欣适平,same,same,63578,9152,1,6,6,100.0,1,1,1,8,8,100.0,63.84,0,0,100.0,1,0,0,14,generic,1,29.0,0,1,1,6,2,7,1,85.83,100.0,87.22
01-硝苯地平控释片30mg-拜新同-BJ86516-Side-36h-750X-1vs05-硝苯地平控释片30mg-久保平-22400938-Side-36h-750X-1-1.docx,01-硝苯地平控释片30mg-拜新同-BJ86516-Side-36h-750X-1vs05-硝苯地平控释片30mg-久保平-22400938-Side-36h-750X-1-1.docx,.docx,ok,,34018,,硝苯地平控释片30mg,,,,slot_1,,variant_fallback,slot_1,01-硝苯地平控释片30mg-拜新同-BJ86516-Side-36h-750X-1vs05-硝苯地平控释片30mg-久保平-22400938-Side-36h-750X-1,拜新同,久保平,BJ86516,22400938,BJ86516 vs 22400938,cross_manufacturer,1,1,1,硝苯地平控释片30mg || 拜新同 vs 久保平 || BJ86516 vs 22400938,硝苯地平控释片30mg || 拜新同 vs 久保平 || BJ86516 vs 22400938 || slot_1,硝苯地平控释片30mg || 拜新同 vs 久保平 || BJ86516 vs 22400938 || 1,0,insufficient,same,,硝苯地平控释片30mg,拜新同,BJ86516,硝苯地平控释片30mg,久保平,22400938,拜新同 vs 久保平,same,same,58696,8486,1,6,5,83.33,1,1,1,8,8,100.0,59.16,2,0,98.91,1,0,0,7,generic,1,29.0,0,1,1,6,2,7,1,85.83,100.0,83.73
01-硝苯地平控释片30mg-拜新同-BJ86516-Side-36h-750X-1vs05-硝苯地平控释片30mg-久保平-22400938-Side-36h-750X-1-2.docx,01-硝苯地平控释片30mg-拜新同-BJ86516-Side-36h-750X-1vs05-硝苯地平控释片30mg-久保平-22400938-Side-36h-750X-1-2.docx,.docx,ok,,35044,,硝苯地平控释片30mg,,,,slot_2,,variant_fallback,slot_2,01-硝苯地平控释片30mg-拜新同-BJ86516-Side-36h-750X-1vs05-硝苯地平控释片30mg-久保平-22400938-Side-36h-750X-1,拜新同,久保平,BJ86516,22400938,BJ86516 vs 22400938,cross_manufacturer,1,1,1,硝苯地平控释片30mg || 拜新同 vs 久保平 || BJ86516 vs 22400938,硝苯地平控释片30mg || 拜新同 vs 久保平 || BJ86516 vs 22400938 || slot_2,硝苯地平控释片30mg || 拜新同 vs 久保平 || BJ86516 vs 22400938 || 1,0,insufficient,same,,硝苯地平控释片30mg,拜新同,BJ86516,硝苯地平控释片30mg,久保平,22400938,拜新同 vs 久保平,same,same,64358,9309,1,6,5,83.33,0,1,1,8,8,100.0,61.97,2,0,98.91,1,0,0,6,generic,1,29.0,0,1,1,6,2,7,1,85.83,100.0,83.73
01-硝苯地平控释片30mg-拜新同-BJ86516-Side-36h-750X-1vs05-硝苯地平控释片30mg-久保平-22400938-Side-36h-750X-1-3.docx,01-硝苯地平控释片30mg-拜新同-BJ86516-Side-36h-750X-1vs05-硝苯地平控释片30mg-久保平-22400938-Side-36h-750X-1-3.docx,.docx,ok,,34293,,硝苯地平控释片30mg,,,,slot_3,,variant_fallback,slot_3,01-硝苯地平控释片30mg-拜新同-BJ86516-Side-36h-750X-1vs05-硝苯地平控释片30mg-久保平-22400938-Side-36h-750X-1,拜新同,久保平,BJ86516,22400938,BJ86516 vs 22400938,cross_manufacturer,1,1,1,硝苯地平控释片30mg || 拜新同 vs 久保平 || BJ86516 vs 22400938,硝苯地平控释片30mg || 拜新同 vs 久保平 || BJ86516 vs 22400938 || slot_3,硝苯地平控释片30mg || 拜新同 vs 久保平 || BJ86516 vs 22400938 || 1,0,insufficient,same,,硝苯地平控释片30mg,拜新同,BJ86516,硝苯地平控释片30mg,久保平,22400938,拜新同 vs 久保平,same,same,61662,8950,1,6,5,83.33,1,1,1,8,8,100.0,59.7,0,0,100.0,1,0,0,6,generic,1,29.0,0,1,1,6,2,7,1,85.83,100.0,83.89
01-硝苯地平控释片30mg-拜新同-BJ86516-Side-36h-750X-1vs06-硝苯地平控释片30mg-立方-2503501-Side-36h-750X-1-1.docx,01-硝苯地平控释片30mg-拜新同-BJ86516-Side-36h-750X-1vs06-硝苯地平控释片30mg-立方-2503501-Side-36h-750X-1-1.docx,.docx,ok,,35121,,硝苯地平控释片30mg,,,,slot_1,,variant_fallback,slot_1,01-硝苯地平控释片30mg-拜新同-BJ86516-Side-36h-750X-1vs06-硝苯地平控释片30mg-立方-2503501-Side-36h-750X-1,拜新同,立方,BJ86516,2503501,BJ86516 vs 2503501,cross_manufacturer,1,1,1,硝苯地平控释片30mg || 拜新同 vs 立方 || BJ86516 vs 2503501,硝苯地平控释片30mg || 拜新同 vs 立方 || BJ86516 vs 2503501 || slot_1,硝苯地平控释片30mg || 拜新同 vs 立方 || BJ86516 vs 2503501 || 1,0,insufficient,same,,硝苯地平控释片30mg,拜新同,BJ86516,硝苯地平控释片30mg,立方,2503501,拜新同 vs 立方,same,same,63337,9171,1,6,6,100.0,1,1,1,8,8,100.0,59.34,1,0,99.45,1,0,0,7,generic,1,29.0,0,1,1,7,1,8,1,82.92,100.0,86.71
01-硝苯地平控释片30mg-拜新同-BJ86516-Side-36h-750X-1vs06-硝苯地平控释片30mg-立方-2503501-Side-36h-750X-1-2.docx,01-硝苯地平控释片30mg-拜新同-BJ86516-Side-36h-750X-1vs06-硝苯地平控释片30mg-立方-2503501-Side-36h-750X-1-2.docx,.docx,ok,,35093,,硝苯地平控释片30mg,,,,slot_2,,variant_fallback,slot_2,01-硝苯地平控释片30mg-拜新同-BJ86516-Side-36h-750X-1vs06-硝苯地平控释片30mg-立方-2503501-Side-36h-750X-1,拜新同,立方,BJ86516,2503501,BJ86516 vs 2503501,cross_manufacturer,1,1,1,硝苯地平控释片30mg || 拜新同 vs 立方 || BJ86516 vs 2503501,硝苯地平控释片30mg || 拜新同 vs 立方 || BJ86516 vs 2503501 || slot_2,硝苯地平控释片30mg || 拜新同 vs 立方 || BJ86516 vs 2503501 || 1,0,insufficient,same,,硝苯地平控释片30mg,拜新同,BJ86516,硝苯地平控释片30mg,立方,2503501,拜新同 vs 立方,same,same,59887,8699,1,6,6,100.0,1,1,1,7,8,100.0,58.39,1,0,99.38,1,0,0,6,generic,1,29.0,0,1,1,6,1,8,1,79.17,100.0,86.13
01-硝苯地平控释片30mg-拜新同-BJ86516-Side-36h-750X-1vs06-硝苯地平控释片30mg-立方-2503501-Side-36h-750X-1-3.docx,01-硝苯地平控释片30mg-拜新同-BJ86516-Side-36h-750X-1vs06-硝苯地平控释片30mg-立方-2503501-Side-36h-750X-1-3.docx,.docx,ok,,35622,,硝苯地平控释片30mg,,,,slot_3,,variant_fallback,slot_3,01-硝苯地平控释片30mg-拜新同-BJ86516-Side-36h-750X-1vs06-硝苯地平控释片30mg-立方-2503501-Side-36h-750X-1,拜新同,立方,BJ86516,2503501,BJ86516 vs 2503501,cross_manufacturer,1,1,1,硝苯地平控释片30mg || 拜新同 vs 立方 || BJ86516 vs 2503501,硝苯地平控释片30mg || 拜新同 vs 立方 || BJ86516 vs 2503501 || slot_3,硝苯地平控释片30mg || 拜新同 vs 立方 || BJ86516 vs 2503501 || 1,0,insufficient,same,,硝苯地平控释片30mg,拜新同,BJ86516,硝苯地平控释片30mg,立方,2503501,拜新同 vs 立方,same,same,62165,8956,1,6,6,100.0,0,1,1,8,8,100.0,60.75,2,0,98.91,1,0,0,14,structured,0,40.0,0,1,1,6,0,7,0,72.5,100.0,86.71
01-硝苯地平控释片30mg-拜新同-BJ86516-Side-36h-750X-1vs07-硝苯地平控释片30mg-一品红-302125001-Side-36h-750X-1-1.docx,01-硝苯地平控释片30mg-拜新同-BJ86516-Side-36h-750X-1vs07-硝苯地平控释片30mg-一品红-302125001-Side-36h-750X-1-1.docx,.docx,ok,,37122,,硝苯地平控释片30mg,,,,slot_1,,variant_fallback,slot_1,01-硝苯地平控释片30mg-拜新同-BJ86516-Side-36h-750X-1vs07-硝苯地平控释片30mg-一品红-302125001-Side-36h-750X-1,拜新同,一品红,BJ86516,302125001,BJ86516 vs 302125001,cross_manufacturer,1,1,1,硝苯地平控释片30mg || 拜新同 vs 一品红 || BJ86516 vs 302125001,硝苯地平控释片30mg || 拜新同 vs 一品红 || BJ86516 vs 302125001 || slot_1,硝苯地平控释片30mg || 拜新同 vs 一品红 || BJ86516 vs 302125001 || 1,0,insufficient,same,,硝苯地平控释片30mg,拜新同,BJ86516,硝苯地平控释片30mg,一品红,302125001,拜新同 vs 一品红,same,same,68806,9981,1,6,5,83.33,1,1,1,9,8,100.0,61.39,0,0,100.0,1,0,0,7,generic,1,29.0,0,1,1,7,2,7,1,89.58,100.0,84.45
01-硝苯地平控释片30mg-拜新同-BJ86516-Side-36h-750X-1vs07-硝苯地平控释片30mg-一品红-302125001-Side-36h-750X-1-2.docx,01-硝苯地平控释片30mg-拜新同-BJ86516-Side-36h-750X-1vs07-硝苯地平控释片30mg-一品红-302125001-Side-36h-750X-1-2.docx,.docx,ok,,35563,,硝苯地平控释片30mg,,,,slot_2,,variant_fallback,slot_2,01-硝苯地平控释片30mg-拜新同-BJ86516-Side-36h-750X-1vs07-硝苯地平控释片30mg-一品红-302125001-Side-36h-750X-1,拜新同,一品红,BJ86516,302125001,BJ86516 vs 302125001,cross_manufacturer,1,1,1,硝苯地平控释片30mg || 拜新同 vs 一品红 || BJ86516 vs 302125001,硝苯地平控释片30mg || 拜新同 vs 一品红 || BJ86516 vs 302125001 || slot_2,硝苯地平控释片30mg || 拜新同 vs 一品红 || BJ86516 vs 302125001 || 1,0,insufficient,same,,硝苯地平控释片30mg,拜新同,BJ86516,硝苯地平控释片30mg,一品红,302125001,拜新同 vs 一品红,same,same,64982,9443,1,6,5,83.33,0,1,1,8,8,100.0,62.34,2,0,98.91,1,0,0,6,generic,1,29.0,0,1,1,6,1,8,1,79.17,100.0,82.73
01-硝苯地平控释片30mg-拜新同-BJ86516-Side-36h-750X-1vs07-硝苯地平控释片30mg-一品红-302125001-Side-36h-750X-1-3.docx,01-硝苯地平控释片30mg-拜新同-BJ86516-Side-36h-750X-1vs07-硝苯地平控释片30mg-一品红-302125001-Side-36h-750X-1-3.docx,.docx,ok,,34325,,硝苯地平控释片30mg,,,,slot_3,,variant_fallback,slot_3,01-硝苯地平控释片30mg-拜新同-BJ86516-Side-36h-750X-1vs07-硝苯地平控释片30mg-一品红-302125001-Side-36h-750X-1,拜新同,一品红,BJ86516,302125001,BJ86516 vs 302125001,cross_manufacturer,1,1,1,硝苯地平控释片30mg || 拜新同 vs 一品红 || BJ86516 vs 302125001,硝苯地平控释片30mg || 拜新同 vs 一品红 || BJ86516 vs 302125001 || slot_3,硝苯地平控释片30mg || 拜新同 vs 一品红 || BJ86516 vs 302125001 || 1,0,insufficient,same,,硝苯地平控释片30mg,拜新同,BJ86516,硝苯地平控释片30mg,一品红,302125001,拜新同 vs 一品红,same,same,61081,8929,1,6,5,83.33,1,1,1,8,8,100.0,59.08,1,0,99.45,1,0,0,5,generic,1,29.0,0,1,1,8,2,7,1,93.33,100.0,84.93
01-硝苯地平控释片30mg-拜新同-BJ86516-Side-36h-750X-1vs08-硝苯地平控释片30mg-欣然-25053401-Side-36h-750X-1-1.docx,01-硝苯地平控释片30mg-拜新同-BJ86516-Side-36h-750X-1vs08-硝苯地平控释片30mg-欣然-25053401-Side-36h-750X-1-1.docx,.docx,ok,,35617,,硝苯地平控释片30mg,,,,slot_1,,variant_fallback,slot_1,01-硝苯地平控释片30mg-拜新同-BJ86516-Side-36h-750X-1vs08-硝苯地平控释片30mg-欣然-25053401-Side-36h-750X-1,拜新同,欣然,BJ86516,25053401,BJ86516 vs 25053401,cross_manufacturer,1,1,1,硝苯地平控释片30mg || 拜新同 vs 欣然 || BJ86516 vs 25053401,硝苯地平控释片30mg || 拜新同 vs 欣然 || BJ86516 vs 25053401 || slot_1,硝苯地平控释片30mg || 拜新同 vs 欣然 || BJ86516 vs 25053401 || 1,0,insufficient,different,,硝苯地平控释片30mg,拜新同,BJ86516,硝苯地平控释片30mg,欣然,25053401,拜新同 vs 欣然,different,different,65161,9400,1,6,5,83.33,1,1,1,8,8,100.0,62.78,1,0,99.45,1,0,0,11,generic,1,29.0,0,1,1,6,1,7,1,79.17,100.0,82.81
01-硝苯地平控释片30mg-拜新同-BJ86516-Side-36h-750X-1vs08-硝苯地平控释片30mg-欣然-25053401-Side-36h-750X-1-2.docx,01-硝苯地平控释片30mg-拜新同-BJ86516-Side-36h-750X-1vs08-硝苯地平控释片30mg-欣然-25053401-Side-36h-750X-1-2.docx,.docx,ok,,35018,,硝苯地平控释片30mg,,,,slot_2,,variant_fallback,slot_2,01-硝苯地平控释片30mg-拜新同-BJ86516-Side-36h-750X-1vs08-硝苯地平控释片30mg-欣然-25053401-Side-36h-750X-1,拜新同,欣然,BJ86516,25053401,BJ86516 vs 25053401,cross_manufacturer,1,1,1,硝苯地平控释片30mg || 拜新同 vs 欣然 || BJ86516 vs 25053401,硝苯地平控释片30mg || 拜新同 vs 欣然 || BJ86516 vs 25053401 || slot_2,硝苯地平控释片30mg || 拜新同 vs 欣然 || BJ86516 vs 25053401 || 1,0,insufficient,different,,硝苯地平控释片30mg,拜新同,BJ86516,硝苯地平控释片30mg,欣然,25053401,拜新同 vs 欣然,different,different,63659,9157,1,6,6,100.0,0,1,1,8,8,100.0,61.81,0,0,100.0,1,0,0,6,generic,1,29.0,0,1,1,6,2,6,1,85.83,100.0,87.22
01-硝苯地平控释片30mg-拜新同-BJ86516-Side-36h-750X-1vs08-硝苯地平控释片30mg-欣然-25053401-Side-36h-750X-1-3.docx,01-硝苯地平控释片30mg-拜新同-BJ86516-Side-36h-750X-1vs08-硝苯地平控释片30mg-欣然-25053401-Side-36h-750X-1-3.docx,.docx,ok,,34708,,硝苯地平控释片30mg,,,,slot_3,,variant_fallback,slot_3,01-硝苯地平控释片30mg-拜新同-BJ86516-Side-36h-750X-1vs08-硝苯地平控释片30mg-欣然-25053401-Side-36h-750X-1,拜新同,欣然,BJ86516,25053401,BJ86516 vs 25053401,cross_manufacturer,1,1,1,硝苯地平控释片30mg || 拜新同 vs 欣然 || BJ86516 vs 25053401,硝苯地平控释片30mg || 拜新同 vs 欣然 || BJ86516 vs 25053401 || slot_3,硝苯地平控释片30mg || 拜新同 vs 欣然 || BJ86516 vs 25053401 || 1,0,insufficient,different,,硝苯地平控释片30mg,拜新同,BJ86516,硝苯地平控释片30mg,欣然,25053401,拜新同 vs 欣然,different,different,60020,8692,1,6,6,100.0,1,1,1,8,8,100.0,58.89,0,0,100.0,1,0,0,5,generic,1,29.0,0,1,1,5,1,8,1,75.42,100.0,85.66
01-硝苯地平控释片30mg-拜新同-BJ86516-Side-36h-750X-1vs09-硝苯地平控释片30mg-居安诺-Q332411291-Side-36h-750X-1-1.docx,01-硝苯地平控释片30mg-拜新同-BJ86516-Side-36h-750X-1vs09-硝苯地平控释片30mg-居安诺-Q332411291-Side-36h-750X-1-1.docx,.docx,ok,,33362,,硝苯地平控释片30mg,,,,slot_1,,variant_fallback,slot_1,01-硝苯地平控释片30mg-拜新同-BJ86516-Side-36h-750X-1vs09-硝苯地平控释片30mg-居安诺-Q332411291-Side-36h-750X-1,拜新同,居安诺,BJ86516,Q332411291,BJ86516 vs Q332411291,cross_manufacturer,1,1,1,硝苯地平控释片30mg || 拜新同 vs 居安诺 || BJ86516 vs Q332411291,硝苯地平控释片30mg || 拜新同 vs 居安诺 || BJ86516 vs Q332411291 || slot_1,硝苯地平控释片30mg || 拜新同 vs 居安诺 || BJ86516 vs Q332411291 || 1,0,insufficient,same,,硝苯地平控释片30mg,拜新同,BJ86516,硝苯地平控释片30mg,居安诺,Q332411291,拜新同 vs 居安诺,same,same,58555,8463,1,6,5,83.33,1,1,1,8,8,100.0,57.25,0,0,100.0,1,0,0,6,generic,1,29.0,0,1,1,7,1,7,1,82.92,100.0,83.45
01-硝苯地平控释片30mg-拜新同-BJ86516-Side-36h-750X-1vs09-硝苯地平控释片30mg-居安诺-Q332411291-Side-36h-750X-1-2.docx,01-硝苯地平控释片30mg-拜新同-BJ86516-Side-36h-750X-1vs09-硝苯地平控释片30mg-居安诺-Q332411291-Side-36h-750X-1-2.docx,.docx,ok,,34628,,硝苯地平控释片30mg,,,,slot_2,,variant_fallback,slot_2,01-硝苯地平控释片30mg-拜新同-BJ86516-Side-36h-750X-1vs09-硝苯地平控释片30mg-居安诺-Q332411291-Side-36h-750X-1,拜新同,居安诺,BJ86516,Q332411291,BJ86516 vs Q332411291,cross_manufacturer,1,1,1,硝苯地平控释片30mg || 拜新同 vs 居安诺 || BJ86516 vs Q332411291,硝苯地平控释片30mg || 拜新同 vs 居安诺 || BJ86516 vs Q332411291 || slot_2,硝苯地平控释片30mg || 拜新同 vs 居安诺 || BJ86516 vs Q332411291 || 1,0,insufficient,same,,硝苯地平控释片30mg,拜新同,BJ86516,硝苯地平控释片30mg,居安诺,Q332411291,拜新同 vs 居安诺,same,same,62863,9149,1,6,6,100.0,0,1,1,8,8,100.0,62.19,1,0,99.45,1,0,0,6,generic,1,29.0,0,1,1,6,0,7,0,72.5,100.0,85.14
01-硝苯地平控释片30mg-拜新同-BJ86516-Side-36h-750X-1vs09-硝苯地平控释片30mg-居安诺-Q332411291-Side-36h-750X-1-3.docx,01-硝苯地平控释片30mg-拜新同-BJ86516-Side-36h-750X-1vs09-硝苯地平控释片30mg-居安诺-Q332411291-Side-36h-750X-1-3.docx,.docx,ok,,35150,,硝苯地平控释片30mg,,,,slot_3,,variant_fallback,slot_3,01-硝苯地平控释片30mg-拜新同-BJ86516-Side-36h-750X-1vs09-硝苯地平控释片30mg-居安诺-Q332411291-Side-36h-750X-1,拜新同,居安诺,BJ86516,Q332411291,BJ86516 vs Q332411291,cross_manufacturer,1,1,1,硝苯地平控释片30mg || 拜新同 vs 居安诺 || BJ86516 vs Q332411291,硝苯地平控释片30mg || 拜新同 vs 居安诺 || BJ86516 vs Q332411291 || slot_3,硝苯地平控释片30mg || 拜新同 vs 居安诺 || BJ86516 vs Q332411291 || 1,0,insufficient,same,,硝苯地平控释片30mg,拜新同,BJ86516,硝苯地平控释片30mg,居安诺,Q332411291,拜新同 vs 居安诺,same,same,63638,9240,1,6,5,83.33,1,1,1,8,8,100.0,63.42,1,0,99.45,1,0,0,7,structured,0,40.0,0,1,1,6,1,7,1,79.17,100.0,84.46
01-硝苯地平控释片30mg-拜新同-BJ86516-Side-36h-750X-1vs10-硝苯地平控释片30mg-君保泰-2505363-Side-36h-750X-1-1.docx,01-硝苯地平控释片30mg-拜新同-BJ86516-Side-36h-750X-1vs10-硝苯地平控释片30mg-君保泰-2505363-Side-36h-750X-1-1.docx,.docx,ok,,34468,,硝苯地平控释片30mg,,,,slot_1,,variant_fallback,slot_1,01-硝苯地平控释片30mg-拜新同-BJ86516-Side-36h-750X-1vs10-硝苯地平控释片30mg-君保泰-2505363-Side-36h-750X-1,拜新同,君保泰,BJ86516,2505363,BJ86516 vs 2505363,cross_manufacturer,1,1,1,硝苯地平控释片30mg || 拜新同 vs 君保泰 || BJ86516 vs 2505363,硝苯地平控释片30mg || 拜新同 vs 君保泰 || BJ86516 vs 2505363 || slot_1,硝苯地平控释片30mg || 拜新同 vs 君保泰 || BJ86516 vs 2505363 || 1,0,insufficient,same,,硝苯地平控释片30mg,拜新同,BJ86516,硝苯地平控释片30mg,君保泰,2505363,拜新同 vs 君保泰,same,same,62677,9053,1,6,5,83.33,0,1,1,8,8,100.0,58.61,0,0,100.0,1,3,0,7,generic,1,64.0,0,1,1,6,2,7,1,85.83,100.0,89.14
01-硝苯地平控释片30mg-拜新同-BJ86516-Side-36h-750X-1vs10-硝苯地平控释片30mg-君保泰-2505363-Side-36h-750X-1-2.docx,01-硝苯地平控释片30mg-拜新同-BJ86516-Side-36h-750X-1vs10-硝苯地平控释片30mg-君保泰-2505363-Side-36h-750X-1-2.docx,.docx,ok,,34376,,硝苯地平控释片30mg,,,,slot_2,,variant_fallback,slot_2,01-硝苯地平控释片30mg-拜新同-BJ86516-Side-36h-750X-1vs10-硝苯地平控释片30mg-君保泰-2505363-Side-36h-750X-1,拜新同,君保泰,BJ86516,2505363,BJ86516 vs 2505363,cross_manufacturer,1,1,1,硝苯地平控释片30mg || 拜新同 vs 君保泰 || BJ86516 vs 2505363,硝苯地平控释片30mg || 拜新同 vs 君保泰 || BJ86516 vs 2505363 || slot_2,硝苯地平控释片30mg || 拜新同 vs 君保泰 || BJ86516 vs 2505363 || 1,0,insufficient,same,,硝苯地平控释片30mg,拜新同,BJ86516,硝苯地平控释片30mg,君保泰,2505363,拜新同 vs 君保泰,same,same,61872,8895,1,6,5,83.33,1,1,1,8,8,100.0,56.64,1,0,99.45,1,0,0,6,generic,1,29.0,0,1,1,7,3,7,1,96.25,100.0,85.37
01-硝苯地平控释片30mg-拜新同-BJ86516-Side-36h-750X-1vs10-硝苯地平控释片30mg-君保泰-2505363-Side-36h-750X-1-3.docx,01-硝苯地平控释片30mg-拜新同-BJ86516-Side-36h-750X-1vs10-硝苯地平控释片30mg-君保泰-2505363-Side-36h-750X-1-3.docx,.docx,ok,,34955,,硝苯地平控释片30mg,,,,slot_3,,variant_fallback,slot_3,01-硝苯地平控释片30mg-拜新同-BJ86516-Side-36h-750X-1vs10-硝苯地平控释片30mg-君保泰-2505363-Side-36h-750X-1,拜新同,君保泰,BJ86516,2505363,BJ86516 vs 2505363,cross_manufacturer,1,1,1,硝苯地平控释片30mg || 拜新同 vs 君保泰 || BJ86516 vs 2505363,硝苯地平控释片30mg || 拜新同 vs 君保泰 || BJ86516 vs 2505363 || slot_3,硝苯地平控释片30mg || 拜新同 vs 君保泰 || BJ86516 vs 2505363 || 1,0,insufficient,same,,硝苯地平控释片30mg,拜新同,BJ86516,硝苯地平控释片30mg,君保泰,2505363,拜新同 vs 君保泰,same,same,60966,8834,1,6,6,100.0,0,1,1,8,8,100.0,58.62,1,0,99.45,1,0,0,5,generic,1,29.0,0,1,1,6,2,7,1,85.83,100.0,87.14
01-硝苯地平控释片30mg-拜新同-BJ86516-Side-36h-750X-1vs11-硝苯地平控释片30mg-贝奇康-2406601-Side-36h-750X-1-1.docx,01-硝苯地平控释片30mg-拜新同-BJ86516-Side-36h-750X-1vs11-硝苯地平控释片30mg-贝奇康-2406601-Side-36h-750X-1-1.docx,.docx,ok,,34635,,硝苯地平控释片30mg,,,,slot_1,,variant_fallback,slot_1,01-硝苯地平控释片30mg-拜新同-BJ86516-Side-36h-750X-1vs11-硝苯地平控释片30mg-贝奇康-2406601-Side-36h-750X-1,拜新同,贝奇康,BJ86516,2406601,BJ86516 vs 2406601,cross_manufacturer,1,1,1,硝苯地平控释片30mg || 拜新同 vs 贝奇康 || BJ86516 vs 2406601,硝苯地平控释片30mg || 拜新同 vs 贝奇康 || BJ86516 vs 2406601 || slot_1,硝苯地平控释片30mg || 拜新同 vs 贝奇康 || BJ86516 vs 2406601 || 1,0,insufficient,same,,硝苯地平控释片30mg,拜新同,BJ86516,硝苯地平控释片30mg,贝奇康,2406601,拜新同 vs 贝奇康,same,same,62301,9036,1,6,5,83.33,0,1,1,8,8,100.0,61.98,0,0,100.0,1,0,0,6,generic,1,29.0,0,1,1,6,2,7,1,85.83,100.0,83.89
01-硝苯地平控释片30mg-拜新同-BJ86516-Side-36h-750X-1vs11-硝苯地平控释片30mg-贝奇康-2406601-Side-36h-750X-1-2.docx,01-硝苯地平控释片30mg-拜新同-BJ86516-Side-36h-750X-1vs11-硝苯地平控释片30mg-贝奇康-2406601-Side-36h-750X-1-2.docx,.docx,ok,,34874,,硝苯地平控释片30mg,,,,slot_2,,variant_fallback,slot_2,01-硝苯地平控释片30mg-拜新同-BJ86516-Side-36h-750X-1vs11-硝苯地平控释片30mg-贝奇康-2406601-Side-36h-750X-1,拜新同,贝奇康,BJ86516,2406601,BJ86516 vs 2406601,cross_manufacturer,1,1,1,硝苯地平控释片30mg || 拜新同 vs 贝奇康 || BJ86516 vs 2406601,硝苯地平控释片30mg || 拜新同 vs 贝奇康 || BJ86516 vs 2406601 || slot_2,硝苯地平控释片30mg || 拜新同 vs 贝奇康 || BJ86516 vs 2406601 || 1,0,insufficient,same,,硝苯地平控释片30mg,拜新同,BJ86516,硝苯地平控释片30mg,贝奇康,2406601,拜新同 vs 贝奇康,same,same,62420,9040,1,6,5,83.33,1,1,1,8,8,100.0,58.81,0,0,100.0,1,0,0,6,generic,1,29.0,0,1,1,7,3,7,1,96.25,100.0,85.45
01-硝苯地平控释片30mg-拜新同-BJ86516-Side-36h-750X-1vs11-硝苯地平控释片30mg-贝奇康-2406601-Side-36h-750X-1-3.docx,01-硝苯地平控释片30mg-拜新同-BJ86516-Side-36h-750X-1vs11-硝苯地平控释片30mg-贝奇康-2406601-Side-36h-750X-1-3.docx,.docx,ok,,36035,,硝苯地平控释片30mg,,,,slot_3,,variant_fallback,slot_3,01-硝苯地平控释片30mg-拜新同-BJ86516-Side-36h-750X-1vs11-硝苯地平控释片30mg-贝奇康-2406601-Side-36h-750X-1,拜新同,贝奇康,BJ86516,2406601,BJ86516 vs 2406601,cross_manufacturer,1,1,1,硝苯地平控释片30mg || 拜新同 vs 贝奇康 || BJ86516 vs 2406601,硝苯地平控释片30mg || 拜新同 vs 贝奇康 || BJ86516 vs 2406601 || slot_3,硝苯地平控释片30mg || 拜新同 vs 贝奇康 || BJ86516 vs 2406601 || 1,0,insufficient,same,,硝苯地平控释片30mg,拜新同,BJ86516,硝苯地平控释片30mg,贝奇康,2406601,拜新同 vs 贝奇康,same,same,66659,9554,1,6,6,100.0,1,1,1,8,8,100.0,60.84,0,0,100.0,1,0,0,7,generic,1,29.0,0,1,1,6,2,7,1,85.83,100.0,87.22
01-硝苯地平控释片30mg-拜新同-BJ86516-Side-36h-750X-1vs12-硝苯地平控释片30mg-奥赛定-0000117508-Side-36h-750X-1-1.docx,01-硝苯地平控释片30mg-拜新同-BJ86516-Side-36h-750X-1vs12-硝苯地平控释片30mg-奥赛定-0000117508-Side-36h-750X-1-1.docx,.docx,ok,,33671,,硝苯地平控释片30mg,,,,slot_1,,variant_fallback,slot_1,01-硝苯地平控释片30mg-拜新同-BJ86516-Side-36h-750X-1vs12-硝苯地平控释片30mg-奥赛定-0000117508-Side-36h-750X-1,拜新同,奥赛定,BJ86516,0000117508,BJ86516 vs 0000117508,cross_manufacturer,1,1,1,硝苯地平控释片30mg || 拜新同 vs 奥赛定 || BJ86516 vs 0000117508,硝苯地平控释片30mg || 拜新同 vs 奥赛定 || BJ86516 vs 0000117508 || slot_1,硝苯地平控释片30mg || 拜新同 vs 奥赛定 || BJ86516 vs 0000117508 || 1,0,insufficient,same,,硝苯地平控释片30mg,拜新同,BJ86516,硝苯地平控释片30mg,奥赛定,0000117508,拜新同 vs 奥赛定,same,same,59633,8679,1,6,5,83.33,1,1,1,8,8,100.0,59.75,0,0,100.0,1,0,0,5,generic,1,29.0,0,1,1,6,2,7,1,85.83,100.0,83.89
01-硝苯地平控释片30mg-拜新同-BJ86516-Side-36h-750X-1vs12-硝苯地平控释片30mg-奥赛定-0000117508-Side-36h-750X-1-2.docx,01-硝苯地平控释片30mg-拜新同-BJ86516-Side-36h-750X-1vs12-硝苯地平控释片30mg-奥赛定-0000117508-Side-36h-750X-1-2.docx,.docx,ok,,33984,,硝苯地平控释片30mg,,,,slot_2,,variant_fallback,slot_2,01-硝苯地平控释片30mg-拜新同-BJ86516-Side-36h-750X-1vs12-硝苯地平控释片30mg-奥赛定-0000117508-Side-36h-750X-1,拜新同,奥赛定,BJ86516,0000117508,BJ86516 vs 0000117508,cross_manufacturer,1,1,1,硝苯地平控释片30mg || 拜新同 vs 奥赛定 || BJ86516 vs 0000117508,硝苯地平控释片30mg || 拜新同 vs 奥赛定 || BJ86516 vs 0000117508 || slot_2,硝苯地平控释片30mg || 拜新同 vs 奥赛定 || BJ86516 vs 0000117508 || 1,0,insufficient,same,,硝苯地平控释片30mg,拜新同,BJ86516,硝苯地平控释片30mg,奥赛定,0000117508,拜新同 vs 奥赛定,same,same,59658,8572,1,6,6,100.0,1,1,1,8,8,100.0,60.97,0,0,100.0,1,0,0,6,generic,1,29.0,0,1,1,6,2,7,1,85.83,100.0,87.22
01-硝苯地平控释片30mg-拜新同-BJ86516-Side-36h-750X-1vs12-硝苯地平控释片30mg-奥赛定-0000117508-Side-36h-750X-1-3.docx,01-硝苯地平控释片30mg-拜新同-BJ86516-Side-36h-750X-1vs12-硝苯地平控释片30mg-奥赛定-0000117508-Side-36h-750X-1-3.docx,.docx,ok,,35388,,硝苯地平控释片30mg,,,,slot_3,,variant_fallback,slot_3,01-硝苯地平控释片30mg-拜新同-BJ86516-Side-36h-750X-1vs12-硝苯地平控释片30mg-奥赛定-0000117508-Side-36h-750X-1,拜新同,奥赛定,BJ86516,0000117508,BJ86516 vs 0000117508,cross_manufacturer,1,1,1,硝苯地平控释片30mg || 拜新同 vs 奥赛定 || BJ86516 vs 0000117508,硝苯地平控释片30mg || 拜新同 vs 奥赛定 || BJ86516 vs 0000117508 || slot_3,硝苯地平控释片30mg || 拜新同 vs 奥赛定 || BJ86516 vs 0000117508 || 1,0,insufficient,same,,硝苯地平控释片30mg,拜新同,BJ86516,硝苯地平控释片30mg,奥赛定,0000117508,拜新同 vs 奥赛定,same,same,60881,8735,1,6,5,83.33,0,1,1,8,8,100.0,61.05,0,0,100.0,1,0,0,7,generic,1,29.0,0,1,1,6,2,8,1,85.83,100.0,83.89
01-硝苯地平控释片30mg-拜新同-BJ86516-Side-36h-750X-1vs13-硝苯地平控释片30mg-得欣通-2214250501-Side-36h-750X-1-1.docx,01-硝苯地平控释片30mg-拜新同-BJ86516-Side-36h-750X-1vs13-硝苯地平控释片30mg-得欣通-2214250501-Side-36h-750X-1-1.docx,.docx,ok,,35698,,硝苯地平控释片30mg,,,,slot_1,,variant_fallback,slot_1,01-硝苯地平控释片30mg-拜新同-BJ86516-Side-36h-750X-1vs13-硝苯地平控释片30mg-得欣通-2214250501-Side-36h-750X-1,拜新同,得欣通,BJ86516,2214250501,BJ86516 vs 2214250501,cross_manufacturer,1,1,1,硝苯地平控释片30mg || 拜新同 vs 得欣通 || BJ86516 vs 2214250501,硝苯地平控释片30mg || 拜新同 vs 得欣通 || BJ86516 vs 2214250501 || slot_1,硝苯地平控释片30mg || 拜新同 vs 得欣通 || BJ86516 vs 2214250501 || 1,0,insufficient,same,,硝苯地平控释片30mg,拜新同,BJ86516,硝苯地平控释片30mg,得欣通,2214250501,拜新同 vs 得欣通,same,same,62320,8986,1,6,6,100.0,1,1,1,8,8,100.0,58.2,0,0,100.0,1,0,0,6,generic,1,29.0,0,1,1,7,1,7,1,82.92,100.0,86.79
01-硝苯地平控释片30mg-拜新同-BJ86516-Side-36h-750X-1vs13-硝苯地平控释片30mg-得欣通-2214250501-Side-36h-750X-1-2.docx,01-硝苯地平控释片30mg-拜新同-BJ86516-Side-36h-750X-1vs13-硝苯地平控释片30mg-得欣通-2214250501-Side-36h-750X-1-2.docx,.docx,ok,,36729,,硝苯地平控释片30mg,,,,slot_2,,variant_fallback,slot_2,01-硝苯地平控释片30mg-拜新同-BJ86516-Side-36h-750X-1vs13-硝苯地平控释片30mg-得欣通-2214250501-Side-36h-750X-1,拜新同,得欣通,BJ86516,2214250501,BJ86516 vs 2214250501,cross_manufacturer,1,1,1,硝苯地平控释片30mg || 拜新同 vs 得欣通 || BJ86516 vs 2214250501,硝苯地平控释片30mg || 拜新同 vs 得欣通 || BJ86516 vs 2214250501 || slot_2,硝苯地平控释片30mg || 拜新同 vs 得欣通 || BJ86516 vs 2214250501 || 1,0,insufficient,same,,硝苯地平控释片30mg,拜新同,BJ86516,硝苯地平控释片30mg,得欣通,2214250501,拜新同 vs 得欣通,same,same,70561,10231,1,6,5,83.33,1,1,1,9,8,100.0,65.29,0,0,100.0,1,0,0,6,generic,1,29.0,0,1,1,6,0,7,0,72.5,100.0,81.89
01-硝苯地平控释片30mg-拜新同-BJ86516-Side-36h-750X-1vs13-硝苯地平控释片30mg-得欣通-2214250501-Side-36h-750X-1-3.docx,01-硝苯地平控释片30mg-拜新同-BJ86516-Side-36h-750X-1vs13-硝苯地平控释片30mg-得欣通-2214250501-Side-36h-750X-1-3.docx,.docx,ok,,33951,,硝苯地平控释片30mg,,,,slot_3,,variant_fallback,slot_3,01-硝苯地平控释片30mg-拜新同-BJ86516-Side-36h-750X-1vs13-硝苯地平控释片30mg-得欣通-2214250501-Side-36h-750X-1,拜新同,得欣通,BJ86516,2214250501,BJ86516 vs 2214250501,cross_manufacturer,1,1,1,硝苯地平控释片30mg || 拜新同 vs 得欣通 || BJ86516 vs 2214250501,硝苯地平控释片30mg || 拜新同 vs 得欣通 || BJ86516 vs 2214250501 || slot_3,硝苯地平控释片30mg || 拜新同 vs 得欣通 || BJ86516 vs 2214250501 || 1,0,insufficient,same,,硝苯地平控释片30mg,拜新同,BJ86516,硝苯地平控释片30mg,得欣通,2214250501,拜新同 vs 得欣通,same,same,59165,8587,1,6,5,83.33,1,1,1,8,8,100.0,58.31,0,0,100.0,1,0,0,6,generic,1,29.0,0,1,1,6,1,7,1,79.17,100.0,82.89
01-硝苯地平控释片30mg-拜新同-BJ86516-Side-36h-750X-1vs14-硝苯地平控释片30mg-赛新同-12401091-Side-36h-750X-1-1.docx,01-硝苯地平控释片30mg-拜新同-BJ86516-Side-36h-750X-1vs14-硝苯地平控释片30mg-赛新同-12401091-Side-36h-750X-1-1.docx,.docx,ok,,34656,,硝苯地平控释片30mg,,,,slot_1,,variant_fallback,slot_1,01-硝苯地平控释片30mg-拜新同-BJ86516-Side-36h-750X-1vs14-硝苯地平控释片30mg-赛新同-12401091-Side-36h-750X-1,拜新同,赛新同,BJ86516,12401091,BJ86516 vs 12401091,cross_manufacturer,1,1,1,硝苯地平控释片30mg || 拜新同 vs 赛新同 || BJ86516 vs 12401091,硝苯地平控释片30mg || 拜新同 vs 赛新同 || BJ86516 vs 12401091 || slot_1,硝苯地平控释片30mg || 拜新同 vs 赛新同 || BJ86516 vs 12401091 || 1,0,insufficient,same,,硝苯地平控释片30mg,拜新同,BJ86516,硝苯地平控释片30mg,赛新同,12401091,拜新同 vs 赛新同,same,same,60175,8783,1,6,6,100.0,1,1,1,8,8,100.0,57.77,0,0,100.0,1,0,0,6,generic,1,29.0,0,1,1,6,1,7,1,79.17,100.0,86.23
01-硝苯地平控释片30mg-拜新同-BJ86516-Side-36h-750X-1vs14-硝苯地平控释片30mg-赛新同-12401091-Side-36h-750X-1-2.docx,01-硝苯地平控释片30mg-拜新同-BJ86516-Side-36h-750X-1vs14-硝苯地平控释片30mg-赛新同-12401091-Side-36h-750X-1-2.docx,.docx,ok,,35046,,硝苯地平控释片30mg,,,,slot_2,,variant_fallback,slot_2,01-硝苯地平控释片30mg-拜新同-BJ86516-Side-36h-750X-1vs14-硝苯地平控释片30mg-赛新同-12401091-Side-36h-750X-1,拜新同,赛新同,BJ86516,12401091,BJ86516 vs 12401091,cross_manufacturer,1,1,1,硝苯地平控释片30mg || 拜新同 vs 赛新同 || BJ86516 vs 12401091,硝苯地平控释片30mg || 拜新同 vs 赛新同 || BJ86516 vs 12401091 || slot_2,硝苯地平控释片30mg || 拜新同 vs 赛新同 || BJ86516 vs 12401091 || 1,0,insufficient,same,,硝苯地平控释片30mg,拜新同,BJ86516,硝苯地平控释片30mg,赛新同,12401091,拜新同 vs 赛新同,same,same,63162,9113,1,6,5,83.33,1,1,1,8,8,100.0,58.67,1,0,99.45,1,0,0,7,generic,1,29.0,0,1,1,6,1,7,1,79.17,100.0,82.81
01-硝苯地平控释片30mg-拜新同-BJ86516-Side-36h-750X-1vs14-硝苯地平控释片30mg-赛新同-12401091-Side-36h-750X-1-3.docx,01-硝苯地平控释片30mg-拜新同-BJ86516-Side-36h-750X-1vs14-硝苯地平控释片30mg-赛新同-12401091-Side-36h-750X-1-3.docx,.docx,ok,,34534,,硝苯地平控释片30mg,,,,slot_3,,variant_fallback,slot_3,01-硝苯地平控释片30mg-拜新同-BJ86516-Side-36h-750X-1vs14-硝苯地平控释片30mg-赛新同-12401091-Side-36h-750X-1,拜新同,赛新同,BJ86516,12401091,BJ86516 vs 12401091,cross_manufacturer,1,1,1,硝苯地平控释片30mg || 拜新同 vs 赛新同 || BJ86516 vs 12401091,硝苯地平控释片30mg || 拜新同 vs 赛新同 || BJ86516 vs 12401091 || slot_3,硝苯地平控释片30mg || 拜新同 vs 赛新同 || BJ86516 vs 12401091 || 1,0,insufficient,same,,硝苯地平控释片30mg,拜新同,BJ86516,硝苯地平控释片30mg,赛新同,12401091,拜新同 vs 赛新同,same,same,61670,8960,1,6,6,100.0,1,1,1,8,8,100.0,60.53,1,0,99.45,1,0,0,7,generic,1,29.0,0,1,1,7,1,7,1,82.92,100.0,86.71
01-硝苯地平控释片30mg-拜新同-BJ86516-Side-36h-750X-1vs15-硝苯地平控释片30mg-亿普-A240105R1-Side-36h-750X-1-1.docx,01-硝苯地平控释片30mg-拜新同-BJ86516-Side-36h-750X-1vs15-硝苯地平控释片30mg-亿普-A240105R1-Side-36h-750X-1-1.docx,.docx,ok,,34386,,硝苯地平控释片30mg,,,,slot_1,,variant_fallback,slot_1,01-硝苯地平控释片30mg-拜新同-BJ86516-Side-36h-750X-1vs15-硝苯地平控释片30mg-亿普-A240105R1-Side-36h-750X-1,拜新同,亿普,BJ86516,A240105R1,BJ86516 vs A240105R1,cross_manufacturer,1,1,1,硝苯地平控释片30mg || 拜新同 vs 亿普 || BJ86516 vs A240105R1,硝苯地平控释片30mg || 拜新同 vs 亿普 || BJ86516 vs A240105R1 || slot_1,硝苯地平控释片30mg || 拜新同 vs 亿普 || BJ86516 vs A240105R1 || 1,0,insufficient,same,,硝苯地平控释片30mg,拜新同,BJ86516,硝苯地平控释片30mg,亿普,A240105R1,拜新同 vs 亿普,same,same,61794,8878,1,6,5,83.33,1,1,1,8,8,100.0,56.98,1,0,99.45,1,0,0,10,generic,1,29.0,0,1,1,6,0,7,0,72.5,100.0,81.81
01-硝苯地平控释片30mg-拜新同-BJ86516-Side-36h-750X-1vs15-硝苯地平控释片30mg-亿普-A240105R1-Side-36h-750X-1-2.docx,01-硝苯地平控释片30mg-拜新同-BJ86516-Side-36h-750X-1vs15-硝苯地平控释片30mg-亿普-A240105R1-Side-36h-750X-1-2.docx,.docx,ok,,33226,,硝苯地平控释片30mg,,,,slot_2,,variant_fallback,slot_2,01-硝苯地平控释片30mg-拜新同-BJ86516-Side-36h-750X-1vs15-硝苯地平控释片30mg-亿普-A240105R1-Side-36h-750X-1,拜新同,亿普,BJ86516,A240105R1,BJ86516 vs A240105R1,cross_manufacturer,1,1,1,硝苯地平控释片30mg || 拜新同 vs 亿普 || BJ86516 vs A240105R1,硝苯地平控释片30mg || 拜新同 vs 亿普 || BJ86516 vs A240105R1 || slot_2,硝苯地平控释片30mg || 拜新同 vs 亿普 || BJ86516 vs A240105R1 || 1,0,insufficient,same,,硝苯地平控释片30mg,拜新同,BJ86516,硝苯地平控释片30mg,亿普,A240105R1,拜新同 vs 亿普,same,same,57640,8217,1,6,5,83.33,1,1,1,8,8,100.0,54.8,1,0,99.45,1,0,0,11,generic,1,29.0,0,1,1,6,2,7,1,85.83,100.0,83.81
01-硝苯地平控释片30mg-拜新同-BJ86516-Side-36h-750X-1vs15-硝苯地平控释片30mg-亿普-A240105R1-Side-36h-750X-1-3.docx,01-硝苯地平控释片30mg-拜新同-BJ86516-Side-36h-750X-1vs15-硝苯地平控释片30mg-亿普-A240105R1-Side-36h-750X-1-3.docx,.docx,ok,,34501,,硝苯地平控释片30mg,,,,slot_3,,variant_fallback,slot_3,01-硝苯地平控释片30mg-拜新同-BJ86516-Side-36h-750X-1vs15-硝苯地平控释片30mg-亿普-A240105R1-Side-36h-750X-1,拜新同,亿普,BJ86516,A240105R1,BJ86516 vs A240105R1,cross_manufacturer,1,1,1,硝苯地平控释片30mg || 拜新同 vs 亿普 || BJ86516 vs A240105R1,硝苯地平控释片30mg || 拜新同 vs 亿普 || BJ86516 vs A240105R1 || slot_3,硝苯地平控释片30mg || 拜新同 vs 亿普 || BJ86516 vs A240105R1 || 1,0,insufficient,same,,硝苯地平控释片30mg,拜新同,BJ86516,硝苯地平控释片30mg,亿普,A240105R1,拜新同 vs 亿普,same,same,62451,8964,1,6,5,83.33,1,1,1,8,8,100.0,61.38,3,0,98.36,1,0,0,6,generic,1,29.0,0,1,1,6,1,7,1,79.17,100.0,82.65
01-硝苯地平控释片30mg-拜新同-BJ86516-Side-36h-750X-1vs16-硝苯地平控释片30mg-亚宝-241001-Side-36h-750X-1-1.docx,01-硝苯地平控释片30mg-拜新同-BJ86516-Side-36h-750X-1vs16-硝苯地平控释片30mg-亚宝-241001-Side-36h-750X-1-1.docx,.docx,ok,,34696,,硝苯地平控释片30mg,,,,slot_1,,variant_fallback,slot_1,01-硝苯地平控释片30mg-拜新同-BJ86516-Side-36h-750X-1vs16-硝苯地平控释片30mg-亚宝-241001-Side-36h-750X-1,拜新同,亚宝,BJ86516,241001,BJ86516 vs 241001,cross_manufacturer,1,1,1,硝苯地平控释片30mg || 拜新同 vs 亚宝 || BJ86516 vs 241001,硝苯地平控释片30mg || 拜新同 vs 亚宝 || BJ86516 vs 241001 || slot_1,硝苯地平控释片30mg || 拜新同 vs 亚宝 || BJ86516 vs 241001 || 1,0,insufficient,same,,硝苯地平控释片30mg,拜新同,BJ86516,硝苯地平控释片30mg,亚宝,241001,拜新同 vs 亚宝,same,same,60425,8734,1,6,5,83.33,1,1,1,8,8,100.0,59.53,0,0,100.0,1,0,0,6,generic,1,29.0,0,1,1,7,2,7,1,89.58,100.0,84.45
01-硝苯地平控释片30mg-拜新同-BJ86516-Side-36h-750X-1vs16-硝苯地平控释片30mg-亚宝-241001-Side-36h-750X-1-2.docx,01-硝苯地平控释片30mg-拜新同-BJ86516-Side-36h-750X-1vs16-硝苯地平控释片30mg-亚宝-241001-Side-36h-750X-1-2.docx,.docx,ok,,36341,,硝苯地平控释片30mg,,,,slot_2,,variant_fallback,slot_2,01-硝苯地平控释片30mg-拜新同-BJ86516-Side-36h-750X-1vs16-硝苯地平控释片30mg-亚宝-241001-Side-36h-750X-1,拜新同,亚宝,BJ86516,241001,BJ86516 vs 241001,cross_manufacturer,1,1,1,硝苯地平控释片30mg || 拜新同 vs 亚宝 || BJ86516 vs 241001,硝苯地平控释片30mg || 拜新同 vs 亚宝 || BJ86516 vs 241001 || slot_2,硝苯地平控释片30mg || 拜新同 vs 亚宝 || BJ86516 vs 241001 || 1,0,insufficient,different,,硝苯地平控释片30mg,拜新同,BJ86516,硝苯地平控释片30mg,亚宝,241001,拜新同 vs 亚宝,different,different,65973,9519,1,6,6,100.0,0,1,1,8,8,100.0,61.08,0,0,100.0,1,0,0,6,generic,1,29.0,0,1,1,6,1,7,1,79.17,100.0,86.23
01-硝苯地平控释片30mg-拜新同-BJ86516-Side-36h-750X-1vs16-硝苯地平控释片30mg-亚宝-241001-Side-36h-750X-1-3.docx,01-硝苯地平控释片30mg-拜新同-BJ86516-Side-36h-750X-1vs16-硝苯地平控释片30mg-亚宝-241001-Side-36h-750X-1-3.docx,.docx,ok,,34956,,硝苯地平控释片30mg,,,,slot_3,,variant_fallback,slot_3,01-硝苯地平控释片30mg-拜新同-BJ86516-Side-36h-750X-1vs16-硝苯地平控释片30mg-亚宝-241001-Side-36h-750X-1,拜新同,亚宝,BJ86516,241001,BJ86516 vs 241001,cross_manufacturer,1,1,1,硝苯地平控释片30mg || 拜新同 vs 亚宝 || BJ86516 vs 241001,硝苯地平控释片30mg || 拜新同 vs 亚宝 || BJ86516 vs 241001 || slot_3,硝苯地平控释片30mg || 拜新同 vs 亚宝 || BJ86516 vs 241001 || 1,0,insufficient,same,,硝苯地平控释片30mg,拜新同,BJ86516,硝苯地平控释片30mg,亚宝,241001,拜新同 vs 亚宝,same,same,61954,8943,1,6,5,83.33,1,1,1,8,8,100.0,57.66,1,0,99.45,1,0,0,6,generic,1,29.0,0,1,1,6,2,7,1,85.83,100.0,83.81
