model_bucket,primary_drug_label,primary_pH_label,reference_manufacturer_label,manufacturer_label,manufacturer_pair,batch_pair,comparison_scope,repeat_group_base_key,repeat_group_model_key,replicate_count,complete_replicate_group,replicate_ids,replicate_1_verdict,replicate_2_verdict,replicate_3_verdict,replicate_1_path,replicate_2_path,replicate_3_path,consistency_status,consensus_verdict,same_count,different_count,unknown_count,potential_false_positive_count,potential_false_negative_count,potential_error_replicates,manual_review_flag
slot_1,咪唑斯汀,pH6.8,皿治林,奥尼捷,皿治林 vs 奥尼捷,,cross_manufacturer,咪唑斯汀 || pH6.8 || 皿治林 vs 奥尼捷,咪唑斯汀 || pH6.8 || 皿治林 vs 奥尼捷 || slot_1,1,0,0,,,,,,,insufficient,same,1,0,0,0,0,,1
slot_2,咪唑斯汀,pH6.8,皿治林,奥尼捷,皿治林 vs 奥尼捷,,cross_manufacturer,咪唑斯汀 || pH6.8 || 皿治林 vs 奥尼捷,咪唑斯汀 || pH6.8 || 皿治林 vs 奥尼捷 || slot_2,1,0,0,,,,,,,insufficient,same,1,0,0,0,0,,1
slot_3,咪唑斯汀,pH6.8,皿治林,奥尼捷,皿治林 vs 奥尼捷,,cross_manufacturer,咪唑斯汀 || pH6.8 || 皿治林 vs 奥尼捷,咪唑斯汀 || pH6.8 || 皿治林 vs 奥尼捷 || slot_3,1,0,0,,,,,,,insufficient,same,1,0,0,0,0,,1
slot_1,咪唑斯汀,pH6.8,皿治林,皿治林,皿治林 vs 皿治林,,same_manufacturer,咪唑斯汀 || pH6.8 || 皿治林 vs 皿治林,咪唑斯汀 || pH6.8 || 皿治林 vs 皿治林 || slot_1,2,0,"0,1",same,,,咪唑斯汀/side/231014-01-pH6.8T-咪唑斯汀缓释片10mg-皿治林-24h-Side-750X-0vs231016-01-pH6.8T-咪唑斯汀缓释片10mg-皿治林-24h-Side-750X-1-1.docx,,,consistent,same,2,0,0,0,0,,0
slot_2,咪唑斯汀,pH6.8,皿治林,皿治林,皿治林 vs 皿治林,,same_manufacturer,咪唑斯汀 || pH6.8 || 皿治林 vs 皿治林,咪唑斯汀 || pH6.8 || 皿治林 vs 皿治林 || slot_2,2,0,"0,1",same,,,咪唑斯汀/side/231014-01-pH6.8T-咪唑斯汀缓释片10mg-皿治林-24h-Side-750X-0vs231016-01-pH6.8T-咪唑斯汀缓释片10mg-皿治林-24h-Side-750X-1-2.docx,,,consistent,same,2,0,0,0,0,,0
slot_3,咪唑斯汀,pH6.8,皿治林,皿治林,皿治林 vs 皿治林,,same_manufacturer,咪唑斯汀 || pH6.8 || 皿治林 vs 皿治林,咪唑斯汀 || pH6.8 || 皿治林 vs 皿治林 || slot_3,2,0,"0,1",same,,,咪唑斯汀/side/231014-01-pH6.8T-咪唑斯汀缓释片10mg-皿治林-24h-Side-750X-0vs231016-01-pH6.8T-咪唑斯汀缓释片10mg-皿治林-24h-Side-750X-1-3.docx,,,consistent,same,2,0,0,0,0,,0
slot_1,地若孕素,pH4.5,唯散宁,博律,唯散宁 vs 博律,WE127F vs DH2505,cross_manufacturer,地若孕素 || pH4.5 || 唯散宁 vs 博律 || WE127F vs DH2505,地若孕素 || pH4.5 || 唯散宁 vs 博律 || WE127F vs DH2505 || slot_1,3,1,"1,2,3",same,same,same,地若孕素/pH4.5/side/01-pH4.5T-地诺孕素片2mg-唯散宁-WE127F-Side-15min-处理后原片-1vs03-pH4.5T-地诺孕素片2mg-博律-DH2505-Side-15min-处理后原片-1-1.docx,地若孕素/pH4.5/side/01-pH4.5T-地诺孕素片2mg-唯散宁-WE127F-Side-15min-处理后原片-1vs03-pH4.5T-地诺孕素片2mg-博律-DH2505-Side-15min-处理后原片-2-1.docx,地若孕素/pH4.5/side/01-pH4.5T-地诺孕素片2mg-唯散宁-WE127F-Side-15min-处理后原片-1vs03-pH4.5T-地诺孕素片2mg-博律-DH2505-Side-15min-处理后原片-3-1.docx,consistent,same,3,0,0,0,0,,0
slot_2,地若孕素,pH4.5,唯散宁,博律,唯散宁 vs 博律,WE127F vs DH2505,cross_manufacturer,地若孕素 || pH4.5 || 唯散宁 vs 博律 || WE127F vs DH2505,地若孕素 || pH4.5 || 唯散宁 vs 博律 || WE127F vs DH2505 || slot_2,3,1,"1,2,3",same,same,same,地若孕素/pH4.5/side/01-pH4.5T-地诺孕素片2mg-唯散宁-WE127F-Side-15min-处理后原片-1vs03-pH4.5T-地诺孕素片2mg-博律-DH2505-Side-15min-处理后原片-1-2.docx,地若孕素/pH4.5/side/01-pH4.5T-地诺孕素片2mg-唯散宁-WE127F-Side-15min-处理后原片-1vs03-pH4.5T-地诺孕素片2mg-博律-DH2505-Side-15min-处理后原片-2-2.docx,地若孕素/pH4.5/side/01-pH4.5T-地诺孕素片2mg-唯散宁-WE127F-Side-15min-处理后原片-1vs03-pH4.5T-地诺孕素片2mg-博律-DH2505-Side-15min-处理后原片-3-2.docx,consistent,same,3,0,0,0,0,,0
slot_3,地若孕素,pH4.5,唯散宁,博律,唯散宁 vs 博律,WE127F vs DH2505,cross_manufacturer,地若孕素 || pH4.5 || 唯散宁 vs 博律 || WE127F vs DH2505,地若孕素 || pH4.5 || 唯散宁 vs 博律 || WE127F vs DH2505 || slot_3,3,1,"1,2,3",same,same,same,地若孕素/pH4.5/side/01-pH4.5T-地诺孕素片2mg-唯散宁-WE127F-Side-15min-处理后原片-1vs03-pH4.5T-地诺孕素片2mg-博律-DH2505-Side-15min-处理后原片-1-3.docx,地若孕素/pH4.5/side/01-pH4.5T-地诺孕素片2mg-唯散宁-WE127F-Side-15min-处理后原片-1vs03-pH4.5T-地诺孕素片2mg-博律-DH2505-Side-15min-处理后原片-2-3.docx,地若孕素/pH4.5/side/01-pH4.5T-地诺孕素片2mg-唯散宁-WE127F-Side-15min-处理后原片-1vs03-pH4.5T-地诺孕素片2mg-博律-DH2505-Side-15min-处理后原片-3-3.docx,consistent,same,3,0,0,0,0,,0
slot_1,地若孕素,pH4.5,唯散宁,唯散宁,唯散宁 vs 唯散宁,WE127F vs WE127F,same_manufacturer,地若孕素 || pH4.5 || 唯散宁 vs 唯散宁 || WE127F vs WE127F,地若孕素 || pH4.5 || 唯散宁 vs 唯散宁 || WE127F vs WE127F || slot_1,3,1,"1,2,3",same,same,same,地若孕素/pH4.5/side/01-pH4.5T-地诺孕素片2mg-唯散宁-WE127F-Side-15min-处理后原片-1vs01-pH4.5T-地诺孕素片2mg-唯散宁-WE127F-Side-15min-处理后原片-1-1.docx,地若孕素/pH4.5/side/01-pH4.5T-地诺孕素片2mg-唯散宁-WE127F-Side-15min-处理后原片-1vs01-pH4.5T-地诺孕素片2mg-唯散宁-WE127F-Side-15min-处理后原片-2-1.docx,地若孕素/pH4.5/side/01-pH4.5T-地诺孕素片2mg-唯散宁-WE127F-Side-15min-处理后原片-1vs01-pH4.5T-地诺孕素片2mg-唯散宁-WE127F-Side-15min-处理后原片-3-1.docx,consistent,same,3,0,0,0,0,,0
slot_2,地若孕素,pH4.5,唯散宁,唯散宁,唯散宁 vs 唯散宁,WE127F vs WE127F,same_manufacturer,地若孕素 || pH4.5 || 唯散宁 vs 唯散宁 || WE127F vs WE127F,地若孕素 || pH4.5 || 唯散宁 vs 唯散宁 || WE127F vs WE127F || slot_2,3,1,"1,2,3",same,same,same,地若孕素/pH4.5/side/01-pH4.5T-地诺孕素片2mg-唯散宁-WE127F-Side-15min-处理后原片-1vs01-pH4.5T-地诺孕素片2mg-唯散宁-WE127F-Side-15min-处理后原片-1-2.docx,地若孕素/pH4.5/side/01-pH4.5T-地诺孕素片2mg-唯散宁-WE127F-Side-15min-处理后原片-1vs01-pH4.5T-地诺孕素片2mg-唯散宁-WE127F-Side-15min-处理后原片-2-2.docx,地若孕素/pH4.5/side/01-pH4.5T-地诺孕素片2mg-唯散宁-WE127F-Side-15min-处理后原片-1vs01-pH4.5T-地诺孕素片2mg-唯散宁-WE127F-Side-15min-处理后原片-3-2.docx,consistent,same,3,0,0,0,0,,0
slot_3,地若孕素,pH4.5,唯散宁,唯散宁,唯散宁 vs 唯散宁,WE127F vs WE127F,same_manufacturer,地若孕素 || pH4.5 || 唯散宁 vs 唯散宁 || WE127F vs WE127F,地若孕素 || pH4.5 || 唯散宁 vs 唯散宁 || WE127F vs WE127F || slot_3,3,1,"1,2,3",same,same,different,地若孕素/pH4.5/side/01-pH4.5T-地诺孕素片2mg-唯散宁-WE127F-Side-15min-处理后原片-1vs01-pH4.5T-地诺孕素片2mg-唯散宁-WE127F-Side-15min-处理后原片-1-3.docx,地若孕素/pH4.5/side/01-pH4.5T-地诺孕素片2mg-唯散宁-WE127F-Side-15min-处理后原片-1vs01-pH4.5T-地诺孕素片2mg-唯散宁-WE127F-Side-15min-处理后原片-2-3.docx,地若孕素/pH4.5/side/01-pH4.5T-地诺孕素片2mg-唯散宁-WE127F-Side-15min-处理后原片-1vs01-pH4.5T-地诺孕素片2mg-唯散宁-WE127F-Side-15min-处理后原片-3-3.docx,inconsistent,same,2,1,0,0,1,3,1
slot_1,地若孕素,pH4.5,唯散宁,小仙片,唯散宁 vs 小仙片,WE127F vs 101250301,cross_manufacturer,地若孕素 || pH4.5 || 唯散宁 vs 小仙片 || WE127F vs 101250301,地若孕素 || pH4.5 || 唯散宁 vs 小仙片 || WE127F vs 101250301 || slot_1,3,1,"1,2,3",same,same,same,地若孕素/pH4.5/side/01-pH4.5T-地诺孕素片2mg-唯散宁-WE127F-Side-15min-处理后原片-1vs05-pH4.5T-地诺孕素片2mg-小仙片-101250301-Side-15min-处理后原片-1-1.docx,地若孕素/pH4.5/side/01-pH4.5T-地诺孕素片2mg-唯散宁-WE127F-Side-15min-处理后原片-1vs05-pH4.5T-地诺孕素片2mg-小仙片-101250301-Side-15min-处理后原片-2-1.docx,地若孕素/pH4.5/side/01-pH4.5T-地诺孕素片2mg-唯散宁-WE127F-Side-15min-处理后原片-1vs05-pH4.5T-地诺孕素片2mg-小仙片-101250301-Side-15min-处理后原片-3-1.docx,consistent,same,3,0,0,0,0,,0
slot_2,地若孕素,pH4.5,唯散宁,小仙片,唯散宁 vs 小仙片,WE127F vs 101250301,cross_manufacturer,地若孕素 || pH4.5 || 唯散宁 vs 小仙片 || WE127F vs 101250301,地若孕素 || pH4.5 || 唯散宁 vs 小仙片 || WE127F vs 101250301 || slot_2,3,1,"1,2,3",same,same,same,地若孕素/pH4.5/side/01-pH4.5T-地诺孕素片2mg-唯散宁-WE127F-Side-15min-处理后原片-1vs05-pH4.5T-地诺孕素片2mg-小仙片-101250301-Side-15min-处理后原片-1-2.docx,地若孕素/pH4.5/side/01-pH4.5T-地诺孕素片2mg-唯散宁-WE127F-Side-15min-处理后原片-1vs05-pH4.5T-地诺孕素片2mg-小仙片-101250301-Side-15min-处理后原片-2-2.docx,地若孕素/pH4.5/side/01-pH4.5T-地诺孕素片2mg-唯散宁-WE127F-Side-15min-处理后原片-1vs05-pH4.5T-地诺孕素片2mg-小仙片-101250301-Side-15min-处理后原片-3-2.docx,consistent,same,3,0,0,0,0,,0
slot_3,地若孕素,pH4.5,唯散宁,小仙片,唯散宁 vs 小仙片,WE127F vs 101250301,cross_manufacturer,地若孕素 || pH4.5 || 唯散宁 vs 小仙片 || WE127F vs 101250301,地若孕素 || pH4.5 || 唯散宁 vs 小仙片 || WE127F vs 101250301 || slot_3,3,1,"1,2,3",same,same,same,地若孕素/pH4.5/side/01-pH4.5T-地诺孕素片2mg-唯散宁-WE127F-Side-15min-处理后原片-1vs05-pH4.5T-地诺孕素片2mg-小仙片-101250301-Side-15min-处理后原片-1-3.docx,地若孕素/pH4.5/side/01-pH4.5T-地诺孕素片2mg-唯散宁-WE127F-Side-15min-处理后原片-1vs05-pH4.5T-地诺孕素片2mg-小仙片-101250301-Side-15min-处理后原片-2-3.docx,地若孕素/pH4.5/side/01-pH4.5T-地诺孕素片2mg-唯散宁-WE127F-Side-15min-处理后原片-1vs05-pH4.5T-地诺孕素片2mg-小仙片-101250301-Side-15min-处理后原片-3-3.docx,consistent,same,3,0,0,0,0,,0
slot_1,地若孕素,pH4.5,唯散宁,紫竹,唯散宁 vs 紫竹,WE127F vs 43250634,cross_manufacturer,地若孕素 || pH4.5 || 唯散宁 vs 紫竹 || WE127F vs 43250634,地若孕素 || pH4.5 || 唯散宁 vs 紫竹 || WE127F vs 43250634 || slot_1,3,1,"1,2,3",same,same,same,地若孕素/pH4.5/side/01-pH4.5T-地诺孕素片2mg-唯散宁-WE127F-Side-15min-处理后原片-1vs02-pH4.5T-地诺孕素片2mg-紫竹-43250634-Side-15min-处理后原片-1-1.docx,地若孕素/pH4.5/side/01-pH4.5T-地诺孕素片2mg-唯散宁-WE127F-Side-15min-处理后原片-1vs02-pH4.5T-地诺孕素片2mg-紫竹-43250634-Side-15min-处理后原片-2-1.docx,地若孕素/pH4.5/side/01-pH4.5T-地诺孕素片2mg-唯散宁-WE127F-Side-15min-处理后原片-1vs02-pH4.5T-地诺孕素片2mg-紫竹-43250634-Side-15min-处理后原片-3-1.docx,consistent,same,3,0,0,0,0,,0
slot_2,地若孕素,pH4.5,唯散宁,紫竹,唯散宁 vs 紫竹,WE127F vs 43250634,cross_manufacturer,地若孕素 || pH4.5 || 唯散宁 vs 紫竹 || WE127F vs 43250634,地若孕素 || pH4.5 || 唯散宁 vs 紫竹 || WE127F vs 43250634 || slot_2,3,1,"1,2,3",same,same,same,地若孕素/pH4.5/side/01-pH4.5T-地诺孕素片2mg-唯散宁-WE127F-Side-15min-处理后原片-1vs02-pH4.5T-地诺孕素片2mg-紫竹-43250634-Side-15min-处理后原片-1-2.docx,地若孕素/pH4.5/side/01-pH4.5T-地诺孕素片2mg-唯散宁-WE127F-Side-15min-处理后原片-1vs02-pH4.5T-地诺孕素片2mg-紫竹-43250634-Side-15min-处理后原片-2-2.docx,地若孕素/pH4.5/side/01-pH4.5T-地诺孕素片2mg-唯散宁-WE127F-Side-15min-处理后原片-1vs02-pH4.5T-地诺孕素片2mg-紫竹-43250634-Side-15min-处理后原片-3-2.docx,consistent,same,3,0,0,0,0,,0
slot_3,地若孕素,pH4.5,唯散宁,紫竹,唯散宁 vs 紫竹,WE127F vs 43250634,cross_manufacturer,地若孕素 || pH4.5 || 唯散宁 vs 紫竹 || WE127F vs 43250634,地若孕素 || pH4.5 || 唯散宁 vs 紫竹 || WE127F vs 43250634 || slot_3,3,1,"1,2,3",same,same,same,地若孕素/pH4.5/side/01-pH4.5T-地诺孕素片2mg-唯散宁-WE127F-Side-15min-处理后原片-1vs02-pH4.5T-地诺孕素片2mg-紫竹-43250634-Side-15min-处理后原片-1-3.docx,地若孕素/pH4.5/side/01-pH4.5T-地诺孕素片2mg-唯散宁-WE127F-Side-15min-处理后原片-1vs02-pH4.5T-地诺孕素片2mg-紫竹-43250634-Side-15min-处理后原片-2-3.docx,地若孕素/pH4.5/side/01-pH4.5T-地诺孕素片2mg-唯散宁-WE127F-Side-15min-处理后原片-1vs02-pH4.5T-地诺孕素片2mg-紫竹-43250634-Side-15min-处理后原片-3-3.docx,consistent,same,3,0,0,0,0,,0
slot_1,地若孕素,pH4.5,唯散宁,蒂诺安,唯散宁 vs 蒂诺安,WE127F vs DEA241203,cross_manufacturer,地若孕素 || pH4.5 || 唯散宁 vs 蒂诺安 || WE127F vs DEA241203,地若孕素 || pH4.5 || 唯散宁 vs 蒂诺安 || WE127F vs DEA241203 || slot_1,3,1,"1,2,3",same,same,same,地若孕素/pH4.5/side/01-pH4.5T-地诺孕素片2mg-唯散宁-WE127F-Side-15min-处理后原片-1vs04-pH4.5T-地诺孕素片2mg-蒂诺安-DEA241203-Side-15min-处理后原片-1-1.docx,地若孕素/pH4.5/side/01-pH4.5T-地诺孕素片2mg-唯散宁-WE127F-Side-15min-处理后原片-1vs04-pH4.5T-地诺孕素片2mg-蒂诺安-DEA241203-Side-15min-处理后原片-2-1.docx,地若孕素/pH4.5/side/01-pH4.5T-地诺孕素片2mg-唯散宁-WE127F-Side-15min-处理后原片-1vs04-pH4.5T-地诺孕素片2mg-蒂诺安-DEA241203-Side-15min-处理后原片-3-1.docx,consistent,same,3,0,0,0,0,,0
slot_2,地若孕素,pH4.5,唯散宁,蒂诺安,唯散宁 vs 蒂诺安,WE127F vs DEA241203,cross_manufacturer,地若孕素 || pH4.5 || 唯散宁 vs 蒂诺安 || WE127F vs DEA241203,地若孕素 || pH4.5 || 唯散宁 vs 蒂诺安 || WE127F vs DEA241203 || slot_2,3,1,"1,2,3",same,same,same,地若孕素/pH4.5/side/01-pH4.5T-地诺孕素片2mg-唯散宁-WE127F-Side-15min-处理后原片-1vs04-pH4.5T-地诺孕素片2mg-蒂诺安-DEA241203-Side-15min-处理后原片-1-2.docx,地若孕素/pH4.5/side/01-pH4.5T-地诺孕素片2mg-唯散宁-WE127F-Side-15min-处理后原片-1vs04-pH4.5T-地诺孕素片2mg-蒂诺安-DEA241203-Side-15min-处理后原片-2-2.docx,地若孕素/pH4.5/side/01-pH4.5T-地诺孕素片2mg-唯散宁-WE127F-Side-15min-处理后原片-1vs04-pH4.5T-地诺孕素片2mg-蒂诺安-DEA241203-Side-15min-处理后原片-3-2.docx,consistent,same,3,0,0,0,0,,0
slot_3,地若孕素,pH4.5,唯散宁,蒂诺安,唯散宁 vs 蒂诺安,WE127F vs DEA241203,cross_manufacturer,地若孕素 || pH4.5 || 唯散宁 vs 蒂诺安 || WE127F vs DEA241203,地若孕素 || pH4.5 || 唯散宁 vs 蒂诺安 || WE127F vs DEA241203 || slot_3,3,1,"1,2,3",same,same,different,地若孕素/pH4.5/side/01-pH4.5T-地诺孕素片2mg-唯散宁-WE127F-Side-15min-处理后原片-1vs04-pH4.5T-地诺孕素片2mg-蒂诺安-DEA241203-Side-15min-处理后原片-1-3.docx,地若孕素/pH4.5/side/01-pH4.5T-地诺孕素片2mg-唯散宁-WE127F-Side-15min-处理后原片-1vs04-pH4.5T-地诺孕素片2mg-蒂诺安-DEA241203-Side-15min-处理后原片-2-3.docx,地若孕素/pH4.5/side/01-pH4.5T-地诺孕素片2mg-唯散宁-WE127F-Side-15min-处理后原片-1vs04-pH4.5T-地诺孕素片2mg-蒂诺安-DEA241203-Side-15min-处理后原片-3-3.docx,inconsistent,same,2,1,0,0,1,3,1
slot_1,替米沙坦,pH1.2,美卡素,安内强,美卡素 vs 安内强,D68415 vs 220711301,cross_manufacturer,替米沙坦 || pH1.2 || 美卡素 vs 安内强 || D68415 vs 220711301,替米沙坦 || pH1.2 || 美卡素 vs 安内强 || D68415 vs 220711301 || slot_1,2,0,"1,2",mixed,same,,替米沙坦/pH1.2/side/221105-01-pH1.2T-替米沙坦片80mg-美卡素-D68415-60min-20X-Side-1vs221107-03-pH1.2T-替米沙坦片80mg-安内强-220711301-60min-20X-Side-1-1.docx,替米沙坦/pH1.2/side/221105-01-pH1.2T-替米沙坦片80mg-美卡素-D68415-60min-20X-Side-1vs221107-03-pH1.2T-替米沙坦片80mg-安内强-220711301-60min-20X-Side-2-1.docx,,insufficient,same,1,0,0,0,0,,1
slot_2,替米沙坦,pH1.2,美卡素,安内强,美卡素 vs 安内强,D68415 vs 220711301,cross_manufacturer,替米沙坦 || pH1.2 || 美卡素 vs 安内强 || D68415 vs 220711301,替米沙坦 || pH1.2 || 美卡素 vs 安内强 || D68415 vs 220711301 || slot_2,2,0,"1,2",mixed,mixed,,替米沙坦/pH1.2/side/221105-01-pH1.2T-替米沙坦片80mg-美卡素-D68415-60min-20X-Side-1vs221107-03-pH1.2T-替米沙坦片80mg-安内强-220711301-60min-20X-Side-1-2.docx,替米沙坦/pH1.2/side/221105-01-pH1.2T-替米沙坦片80mg-美卡素-D68415-60min-20X-Side-1vs221107-03-pH1.2T-替米沙坦片80mg-安内强-220711301-60min-20X-Side-2-2.docx,,insufficient,,0,0,0,0,0,,1
slot_3,替米沙坦,pH1.2,美卡素,安内强,美卡素 vs 安内强,D68415 vs 220711301,cross_manufacturer,替米沙坦 || pH1.2 || 美卡素 vs 安内强 || D68415 vs 220711301,替米沙坦 || pH1.2 || 美卡素 vs 安内强 || D68415 vs 220711301 || slot_3,2,0,"1,2",different,mixed,,替米沙坦/pH1.2/side/221105-01-pH1.2T-替米沙坦片80mg-美卡素-D68415-60min-20X-Side-1vs221107-03-pH1.2T-替米沙坦片80mg-安内强-220711301-60min-20X-Side-1-3.docx,替米沙坦/pH1.2/side/221105-01-pH1.2T-替米沙坦片80mg-美卡素-D68415-60min-20X-Side-1vs221107-03-pH1.2T-替米沙坦片80mg-安内强-220711301-60min-20X-Side-2-3.docx,,insufficient,different,0,1,0,0,0,,1
slot_1,替米沙坦,pH1.2,美卡素,欧美宁,美卡素 vs 欧美宁,D68415 vs 0602204007,cross_manufacturer,替米沙坦 || pH1.2 || 美卡素 vs 欧美宁 || D68415 vs 0602204007,替米沙坦 || pH1.2 || 美卡素 vs 欧美宁 || D68415 vs 0602204007 || slot_1,2,0,"1,2",mixed,mixed,,替米沙坦/pH1.2/side/221105-01-pH1.2T-替米沙坦片80mg-美卡素-D68415-60min-20X-Side-1vs221108-04-pH1.2T-替米沙坦片80mg-欧美宁-0602204007-60min-20X-Side-1-1.docx,替米沙坦/pH1.2/side/221105-01-pH1.2T-替米沙坦片80mg-美卡素-D68415-60min-20X-Side-1vs221108-04-pH1.2T-替米沙坦片80mg-欧美宁-0602204007-60min-20X-Side-2-1.docx,,insufficient,,0,0,0,0,0,,1
slot_2,替米沙坦,pH1.2,美卡素,欧美宁,美卡素 vs 欧美宁,D68415 vs 0602204007,cross_manufacturer,替米沙坦 || pH1.2 || 美卡素 vs 欧美宁 || D68415 vs 0602204007,替米沙坦 || pH1.2 || 美卡素 vs 欧美宁 || D68415 vs 0602204007 || slot_2,2,0,"1,2",mixed,same,,替米沙坦/pH1.2/side/221105-01-pH1.2T-替米沙坦片80mg-美卡素-D68415-60min-20X-Side-1vs221108-04-pH1.2T-替米沙坦片80mg-欧美宁-0602204007-60min-20X-Side-1-2.docx,替米沙坦/pH1.2/side/221105-01-pH1.2T-替米沙坦片80mg-美卡素-D68415-60min-20X-Side-1vs221108-04-pH1.2T-替米沙坦片80mg-欧美宁-0602204007-60min-20X-Side-2-2.docx,,insufficient,same,1,0,0,0,0,,1
slot_3,替米沙坦,pH1.2,美卡素,欧美宁,美卡素 vs 欧美宁,D68415 vs 0602204007,cross_manufacturer,替米沙坦 || pH1.2 || 美卡素 vs 欧美宁 || D68415 vs 0602204007,替米沙坦 || pH1.2 || 美卡素 vs 欧美宁 || D68415 vs 0602204007 || slot_3,2,0,"1,2",different,same,,替米沙坦/pH1.2/side/221105-01-pH1.2T-替米沙坦片80mg-美卡素-D68415-60min-20X-Side-1vs221108-04-pH1.2T-替米沙坦片80mg-欧美宁-0602204007-60min-20X-Side-1-3.docx,替米沙坦/pH1.2/side/221105-01-pH1.2T-替米沙坦片80mg-美卡素-D68415-60min-20X-Side-1vs221108-04-pH1.2T-替米沙坦片80mg-欧美宁-0602204007-60min-20X-Side-2-3.docx,,inconsistent,,1,1,0,0,0,,1
slot_1,替米沙坦,pH1.2,美卡素,毓乐宁,美卡素 vs 毓乐宁,D68415 vs 50722002A,cross_manufacturer,替米沙坦 || pH1.2 || 美卡素 vs 毓乐宁 || D68415 vs 50722002A,替米沙坦 || pH1.2 || 美卡素 vs 毓乐宁 || D68415 vs 50722002A || slot_1,2,0,"1,2",mixed,same,,替米沙坦/pH1.2/side/221105-01-pH1.2T-替米沙坦片80mg-美卡素-D68415-60min-20X-Side-1vs221109-05-pH1.2T-替米沙坦片80mg-毓乐宁-50722002A-60min-20X-Side-1-1.docx,替米沙坦/pH1.2/side/221105-01-pH1.2T-替米沙坦片80mg-美卡素-D68415-60min-20X-Side-1vs221109-05-pH1.2T-替米沙坦片80mg-毓乐宁-50722002A-60min-20X-Side-2-1.docx,,insufficient,same,1,0,0,0,0,,1
slot_2,替米沙坦,pH1.2,美卡素,毓乐宁,美卡素 vs 毓乐宁,D68415 vs 50722002A,cross_manufacturer,替米沙坦 || pH1.2 || 美卡素 vs 毓乐宁 || D68415 vs 50722002A,替米沙坦 || pH1.2 || 美卡素 vs 毓乐宁 || D68415 vs 50722002A || slot_2,2,0,"1,2",mixed,same,,替米沙坦/pH1.2/side/221105-01-pH1.2T-替米沙坦片80mg-美卡素-D68415-60min-20X-Side-1vs221109-05-pH1.2T-替米沙坦片80mg-毓乐宁-50722002A-60min-20X-Side-1-2.docx,替米沙坦/pH1.2/side/221105-01-pH1.2T-替米沙坦片80mg-美卡素-D68415-60min-20X-Side-1vs221109-05-pH1.2T-替米沙坦片80mg-毓乐宁-50722002A-60min-20X-Side-2-2.docx,,insufficient,same,1,0,0,0,0,,1
slot_3,替米沙坦,pH1.2,美卡素,毓乐宁,美卡素 vs 毓乐宁,D68415 vs 50722002A,cross_manufacturer,替米沙坦 || pH1.2 || 美卡素 vs 毓乐宁 || D68415 vs 50722002A,替米沙坦 || pH1.2 || 美卡素 vs 毓乐宁 || D68415 vs 50722002A || slot_3,2,0,"1,2",same,same,,替米沙坦/pH1.2/side/221105-01-pH1.2T-替米沙坦片80mg-美卡素-D68415-60min-20X-Side-1vs221109-05-pH1.2T-替米沙坦片80mg-毓乐宁-50722002A-60min-20X-Side-1-3.docx,替米沙坦/pH1.2/side/221105-01-pH1.2T-替米沙坦片80mg-美卡素-D68415-60min-20X-Side-1vs221109-05-pH1.2T-替米沙坦片80mg-毓乐宁-50722002A-60min-20X-Side-2-3.docx,,consistent,same,2,0,0,0,0,,0
slot_1,替米沙坦,pH1.2,美卡素,美卡素,美卡素 vs 美卡素,D68415 vs D68415,same_manufacturer,替米沙坦 || pH1.2 || 美卡素 vs 美卡素 || D68415 vs D68415,替米沙坦 || pH1.2 || 美卡素 vs 美卡素 || D68415 vs D68415 || slot_1,3,1,"1,2,3",mixed,mixed,same,替米沙坦/pH1.2/side/221105-01-pH1.2T-替米沙坦片80mg-美卡素-D68415-60min-20X-Side-1vs221105-01-pH1.2T-替米沙坦片80mg-美卡素-D68415-60min-20X-Side-1-1.docx,替米沙坦/pH1.2/side/221105-01-pH1.2T-替米沙坦片80mg-美卡素-D68415-60min-20X-Side-1vs221105-01-pH1.2T-替米沙坦片80mg-美卡素-D68415-60min-20X-Side-2-1.docx,替米沙坦/pH1.2/side/221105-01-pH1.2T-替米沙坦片80mg-美卡素-D68415-60min-20X-Side-1vs221105-01-pH1.2T-替米沙坦片80mg-美卡素-D68415-60min-20X-Side-3-1.docx,insufficient,same,1,0,0,0,0,,1
slot_2,替米沙坦,pH1.2,美卡素,美卡素,美卡素 vs 美卡素,D68415 vs D68415,same_manufacturer,替米沙坦 || pH1.2 || 美卡素 vs 美卡素 || D68415 vs D68415,替米沙坦 || pH1.2 || 美卡素 vs 美卡素 || D68415 vs D68415 || slot_2,3,1,"1,2,3",same,mixed,mixed,替米沙坦/pH1.2/side/221105-01-pH1.2T-替米沙坦片80mg-美卡素-D68415-60min-20X-Side-1vs221105-01-pH1.2T-替米沙坦片80mg-美卡素-D68415-60min-20X-Side-1-2.docx,替米沙坦/pH1.2/side/221105-01-pH1.2T-替米沙坦片80mg-美卡素-D68415-60min-20X-Side-1vs221105-01-pH1.2T-替米沙坦片80mg-美卡素-D68415-60min-20X-Side-2-2.docx,替米沙坦/pH1.2/side/221105-01-pH1.2T-替米沙坦片80mg-美卡素-D68415-60min-20X-Side-1vs221105-01-pH1.2T-替米沙坦片80mg-美卡素-D68415-60min-20X-Side-3-2.docx,insufficient,same,1,0,0,0,0,,1
slot_3,替米沙坦,pH1.2,美卡素,美卡素,美卡素 vs 美卡素,D68415 vs D68415,same_manufacturer,替米沙坦 || pH1.2 || 美卡素 vs 美卡素 || D68415 vs D68415,替米沙坦 || pH1.2 || 美卡素 vs 美卡素 || D68415 vs D68415 || slot_3,3,1,"1,2,3",same,mixed,same,替米沙坦/pH1.2/side/221105-01-pH1.2T-替米沙坦片80mg-美卡素-D68415-60min-20X-Side-1vs221105-01-pH1.2T-替米沙坦片80mg-美卡素-D68415-60min-20X-Side-1-3.docx,替米沙坦/pH1.2/side/221105-01-pH1.2T-替米沙坦片80mg-美卡素-D68415-60min-20X-Side-1vs221105-01-pH1.2T-替米沙坦片80mg-美卡素-D68415-60min-20X-Side-2-3.docx,替米沙坦/pH1.2/side/221105-01-pH1.2T-替米沙坦片80mg-美卡素-D68415-60min-20X-Side-1vs221105-01-pH1.2T-替米沙坦片80mg-美卡素-D68415-60min-20X-Side-3-3.docx,consistent,same,2,0,0,0,0,,0
slot_1,替米沙坦,pH1.2,美卡素,舒尼亚,美卡素 vs 舒尼亚,D68415 vs 32206057,cross_manufacturer,替米沙坦 || pH1.2 || 美卡素 vs 舒尼亚 || D68415 vs 32206057,替米沙坦 || pH1.2 || 美卡素 vs 舒尼亚 || D68415 vs 32206057 || slot_1,3,1,"1,2,3",mixed,mixed,mixed,替米沙坦/pH1.2/side/221105-01-pH1.2T-替米沙坦片80mg-美卡素-D68415-60min-20X-Side-1vs221106-02-pH1.2T-替米沙坦片80mg-舒尼亚-32206057-60min-20X-Side-1-1.docx,替米沙坦/pH1.2/side/221105-01-pH1.2T-替米沙坦片80mg-美卡素-D68415-60min-20X-Side-1vs221106-02-pH1.2T-替米沙坦片80mg-舒尼亚-32206057-60min-20X-Side-2-1.docx,替米沙坦/pH1.2/side/221105-01-pH1.2T-替米沙坦片80mg-美卡素-D68415-60min-20X-Side-1vs221106-02-pH1.2T-替米沙坦片80mg-舒尼亚-32206057-60min-20X-Side-3-1.docx,insufficient,,0,0,0,0,0,,1
slot_2,替米沙坦,pH1.2,美卡素,舒尼亚,美卡素 vs 舒尼亚,D68415 vs 32206057,cross_manufacturer,替米沙坦 || pH1.2 || 美卡素 vs 舒尼亚 || D68415 vs 32206057,替米沙坦 || pH1.2 || 美卡素 vs 舒尼亚 || D68415 vs 32206057 || slot_2,3,1,"1,2,3",mixed,mixed,mixed,替米沙坦/pH1.2/side/221105-01-pH1.2T-替米沙坦片80mg-美卡素-D68415-60min-20X-Side-1vs221106-02-pH1.2T-替米沙坦片80mg-舒尼亚-32206057-60min-20X-Side-1-2.docx,替米沙坦/pH1.2/side/221105-01-pH1.2T-替米沙坦片80mg-美卡素-D68415-60min-20X-Side-1vs221106-02-pH1.2T-替米沙坦片80mg-舒尼亚-32206057-60min-20X-Side-2-2.docx,替米沙坦/pH1.2/side/221105-01-pH1.2T-替米沙坦片80mg-美卡素-D68415-60min-20X-Side-1vs221106-02-pH1.2T-替米沙坦片80mg-舒尼亚-32206057-60min-20X-Side-3-2.docx,insufficient,,0,0,0,0,0,,1
slot_3,替米沙坦,pH1.2,美卡素,舒尼亚,美卡素 vs 舒尼亚,D68415 vs 32206057,cross_manufacturer,替米沙坦 || pH1.2 || 美卡素 vs 舒尼亚 || D68415 vs 32206057,替米沙坦 || pH1.2 || 美卡素 vs 舒尼亚 || D68415 vs 32206057 || slot_3,3,1,"1,2,3",mixed,same,mixed,替米沙坦/pH1.2/side/221105-01-pH1.2T-替米沙坦片80mg-美卡素-D68415-60min-20X-Side-1vs221106-02-pH1.2T-替米沙坦片80mg-舒尼亚-32206057-60min-20X-Side-1-3.docx,替米沙坦/pH1.2/side/221105-01-pH1.2T-替米沙坦片80mg-美卡素-D68415-60min-20X-Side-1vs221106-02-pH1.2T-替米沙坦片80mg-舒尼亚-32206057-60min-20X-Side-2-3.docx,替米沙坦/pH1.2/side/221105-01-pH1.2T-替米沙坦片80mg-美卡素-D68415-60min-20X-Side-1vs221106-02-pH1.2T-替米沙坦片80mg-舒尼亚-32206057-60min-20X-Side-3-3.docx,insufficient,same,1,0,0,0,0,,1
slot_1,替米沙坦,pH2.0,美卡素,安内强,美卡素 vs 安内强,D68415 vs 220711301,cross_manufacturer,替米沙坦 || pH2.0 || 美卡素 vs 安内强 || D68415 vs 220711301,替米沙坦 || pH2.0 || 美卡素 vs 安内强 || D68415 vs 220711301 || slot_1,2,0,"1,2",same,same,,替米沙坦/pH2.0/side/221105-01-pH2.0T-替米沙坦片80mg-美卡素-D68415-60min-20X-Side-1vs221107-03-pH2.0T-替米沙坦片80mg-安内强-220711301-60min-20X-Side-1-1.docx,替米沙坦/pH2.0/side/221105-01-pH2.0T-替米沙坦片80mg-美卡素-D68415-60min-20X-Side-1vs221107-03-pH2.0T-替米沙坦片80mg-安内强-220711301-60min-20X-Side-2-1.docx,,consistent,same,2,0,0,0,0,,0
slot_2,替米沙坦,pH2.0,美卡素,安内强,美卡素 vs 安内强,D68415 vs 220711301,cross_manufacturer,替米沙坦 || pH2.0 || 美卡素 vs 安内强 || D68415 vs 220711301,替米沙坦 || pH2.0 || 美卡素 vs 安内强 || D68415 vs 220711301 || slot_2,2,0,"1,2",same,same,,替米沙坦/pH2.0/side/221105-01-pH2.0T-替米沙坦片80mg-美卡素-D68415-60min-20X-Side-1vs221107-03-pH2.0T-替米沙坦片80mg-安内强-220711301-60min-20X-Side-1-2.docx,替米沙坦/pH2.0/side/221105-01-pH2.0T-替米沙坦片80mg-美卡素-D68415-60min-20X-Side-1vs221107-03-pH2.0T-替米沙坦片80mg-安内强-220711301-60min-20X-Side-2-2.docx,,consistent,same,2,0,0,0,0,,0
slot_3,替米沙坦,pH2.0,美卡素,安内强,美卡素 vs 安内强,D68415 vs 220711301,cross_manufacturer,替米沙坦 || pH2.0 || 美卡素 vs 安内强 || D68415 vs 220711301,替米沙坦 || pH2.0 || 美卡素 vs 安内强 || D68415 vs 220711301 || slot_3,2,0,"1,2",same,same,,替米沙坦/pH2.0/side/221105-01-pH2.0T-替米沙坦片80mg-美卡素-D68415-60min-20X-Side-1vs221107-03-pH2.0T-替米沙坦片80mg-安内强-220711301-60min-20X-Side-1-3.docx,替米沙坦/pH2.0/side/221105-01-pH2.0T-替米沙坦片80mg-美卡素-D68415-60min-20X-Side-1vs221107-03-pH2.0T-替米沙坦片80mg-安内强-220711301-60min-20X-Side-2-3.docx,,consistent,same,2,0,0,0,0,,0
slot_1,替米沙坦,pH2.0,美卡素,欧美宁,美卡素 vs 欧美宁,D68415 vs 0602204007,cross_manufacturer,替米沙坦 || pH2.0 || 美卡素 vs 欧美宁 || D68415 vs 0602204007,替米沙坦 || pH2.0 || 美卡素 vs 欧美宁 || D68415 vs 0602204007 || slot_1,2,0,"1,2",same,same,,替米沙坦/pH2.0/side/221105-01-pH2.0T-替米沙坦片80mg-美卡素-D68415-60min-20X-Side-1vs221108-04-pH2.0T-替米沙坦片80mg-欧美宁-0602204007-60min-20X-Side-1-1.docx,替米沙坦/pH2.0/side/221105-01-pH2.0T-替米沙坦片80mg-美卡素-D68415-60min-20X-Side-1vs221108-04-pH2.0T-替米沙坦片80mg-欧美宁-0602204007-60min-20X-Side-2-1.docx,,consistent,same,2,0,0,0,0,,0
slot_2,替米沙坦,pH2.0,美卡素,欧美宁,美卡素 vs 欧美宁,D68415 vs 0602204007,cross_manufacturer,替米沙坦 || pH2.0 || 美卡素 vs 欧美宁 || D68415 vs 0602204007,替米沙坦 || pH2.0 || 美卡素 vs 欧美宁 || D68415 vs 0602204007 || slot_2,2,0,"1,2",same,same,,替米沙坦/pH2.0/side/221105-01-pH2.0T-替米沙坦片80mg-美卡素-D68415-60min-20X-Side-1vs221108-04-pH2.0T-替米沙坦片80mg-欧美宁-0602204007-60min-20X-Side-1-2.docx,替米沙坦/pH2.0/side/221105-01-pH2.0T-替米沙坦片80mg-美卡素-D68415-60min-20X-Side-1vs221108-04-pH2.0T-替米沙坦片80mg-欧美宁-0602204007-60min-20X-Side-2-2.docx,,consistent,same,2,0,0,0,0,,0
slot_3,替米沙坦,pH2.0,美卡素,欧美宁,美卡素 vs 欧美宁,D68415 vs 0602204007,cross_manufacturer,替米沙坦 || pH2.0 || 美卡素 vs 欧美宁 || D68415 vs 0602204007,替米沙坦 || pH2.0 || 美卡素 vs 欧美宁 || D68415 vs 0602204007 || slot_3,2,0,"1,2",same,same,,替米沙坦/pH2.0/side/221105-01-pH2.0T-替米沙坦片80mg-美卡素-D68415-60min-20X-Side-1vs221108-04-pH2.0T-替米沙坦片80mg-欧美宁-0602204007-60min-20X-Side-1-3.docx,替米沙坦/pH2.0/side/221105-01-pH2.0T-替米沙坦片80mg-美卡素-D68415-60min-20X-Side-1vs221108-04-pH2.0T-替米沙坦片80mg-欧美宁-0602204007-60min-20X-Side-2-3.docx,,consistent,same,2,0,0,0,0,,0
slot_1,替米沙坦,pH2.0,美卡素,毓乐宁,美卡素 vs 毓乐宁,D68415 vs 50722002A,cross_manufacturer,替米沙坦 || pH2.0 || 美卡素 vs 毓乐宁 || D68415 vs 50722002A,替米沙坦 || pH2.0 || 美卡素 vs 毓乐宁 || D68415 vs 50722002A || slot_1,2,0,"1,2",same,same,,替米沙坦/pH2.0/side/221105-01-pH2.0T-替米沙坦片80mg-美卡素-D68415-60min-20X-Side-1vs221109-05-pH2.0T-替米沙坦片80mg-毓乐宁-50722002A-60min-20X-Side-1-1.docx,替米沙坦/pH2.0/side/221105-01-pH2.0T-替米沙坦片80mg-美卡素-D68415-60min-20X-Side-1vs221109-05-pH2.0T-替米沙坦片80mg-毓乐宁-50722002A-60min-20X-Side-2-1.docx,,consistent,same,2,0,0,0,0,,0
slot_2,替米沙坦,pH2.0,美卡素,毓乐宁,美卡素 vs 毓乐宁,D68415 vs 50722002A,cross_manufacturer,替米沙坦 || pH2.0 || 美卡素 vs 毓乐宁 || D68415 vs 50722002A,替米沙坦 || pH2.0 || 美卡素 vs 毓乐宁 || D68415 vs 50722002A || slot_2,2,0,"1,2",same,same,,替米沙坦/pH2.0/side/221105-01-pH2.0T-替米沙坦片80mg-美卡素-D68415-60min-20X-Side-1vs221109-05-pH2.0T-替米沙坦片80mg-毓乐宁-50722002A-60min-20X-Side-1-2.docx,替米沙坦/pH2.0/side/221105-01-pH2.0T-替米沙坦片80mg-美卡素-D68415-60min-20X-Side-1vs221109-05-pH2.0T-替米沙坦片80mg-毓乐宁-50722002A-60min-20X-Side-2-2.docx,,consistent,same,2,0,0,0,0,,0
slot_3,替米沙坦,pH2.0,美卡素,毓乐宁,美卡素 vs 毓乐宁,D68415 vs 50722002A,cross_manufacturer,替米沙坦 || pH2.0 || 美卡素 vs 毓乐宁 || D68415 vs 50722002A,替米沙坦 || pH2.0 || 美卡素 vs 毓乐宁 || D68415 vs 50722002A || slot_3,2,0,"1,2",same,same,,替米沙坦/pH2.0/side/221105-01-pH2.0T-替米沙坦片80mg-美卡素-D68415-60min-20X-Side-1vs221109-05-pH2.0T-替米沙坦片80mg-毓乐宁-50722002A-60min-20X-Side-1-3.docx,替米沙坦/pH2.0/side/221105-01-pH2.0T-替米沙坦片80mg-美卡素-D68415-60min-20X-Side-1vs221109-05-pH2.0T-替米沙坦片80mg-毓乐宁-50722002A-60min-20X-Side-2-3.docx,,consistent,same,2,0,0,0,0,,0
slot_1,替米沙坦,pH2.0,美卡素,美卡素,美卡素 vs 美卡素,D68415 vs D68415,same_manufacturer,替米沙坦 || pH2.0 || 美卡素 vs 美卡素 || D68415 vs D68415,替米沙坦 || pH2.0 || 美卡素 vs 美卡素 || D68415 vs D68415 || slot_1,3,1,"1,2,3",same,same,same,替米沙坦/pH2.0/side/221105-01-pH2.0T-替米沙坦片80mg-美卡素-D68415-60min-20X-Side-1vs221105-01-pH2.0T-替米沙坦片80mg-美卡素-D68415-60min-20X-Side-1-1.docx,替米沙坦/pH2.0/side/221105-01-pH2.0T-替米沙坦片80mg-美卡素-D68415-60min-20X-Side-1vs221105-01-pH2.0T-替米沙坦片80mg-美卡素-D68415-60min-20X-Side-2-1.docx,替米沙坦/pH2.0/side/221105-01-pH2.0T-替米沙坦片80mg-美卡素-D68415-60min-20X-Side-1vs221105-01-pH2.0T-替米沙坦片80mg-美卡素-D68415-60min-20X-Side-3-1.docx,consistent,same,3,0,0,0,0,,0
slot_2,替米沙坦,pH2.0,美卡素,美卡素,美卡素 vs 美卡素,D68415 vs D68415,same_manufacturer,替米沙坦 || pH2.0 || 美卡素 vs 美卡素 || D68415 vs D68415,替米沙坦 || pH2.0 || 美卡素 vs 美卡素 || D68415 vs D68415 || slot_2,3,1,"1,2,3",same,same,same,替米沙坦/pH2.0/side/221105-01-pH2.0T-替米沙坦片80mg-美卡素-D68415-60min-20X-Side-1vs221105-01-pH2.0T-替米沙坦片80mg-美卡素-D68415-60min-20X-Side-1-2.docx,替米沙坦/pH2.0/side/221105-01-pH2.0T-替米沙坦片80mg-美卡素-D68415-60min-20X-Side-1vs221105-01-pH2.0T-替米沙坦片80mg-美卡素-D68415-60min-20X-Side-2-2.docx,替米沙坦/pH2.0/side/221105-01-pH2.0T-替米沙坦片80mg-美卡素-D68415-60min-20X-Side-1vs221105-01-pH2.0T-替米沙坦片80mg-美卡素-D68415-60min-20X-Side-3-2.docx,consistent,same,3,0,0,0,0,,0
slot_3,替米沙坦,pH2.0,美卡素,美卡素,美卡素 vs 美卡素,D68415 vs D68415,same_manufacturer,替米沙坦 || pH2.0 || 美卡素 vs 美卡素 || D68415 vs D68415,替米沙坦 || pH2.0 || 美卡素 vs 美卡素 || D68415 vs D68415 || slot_3,3,1,"1,2,3",same,same,same,替米沙坦/pH2.0/side/221105-01-pH2.0T-替米沙坦片80mg-美卡素-D68415-60min-20X-Side-1vs221105-01-pH2.0T-替米沙坦片80mg-美卡素-D68415-60min-20X-Side-1-3.docx,替米沙坦/pH2.0/side/221105-01-pH2.0T-替米沙坦片80mg-美卡素-D68415-60min-20X-Side-1vs221105-01-pH2.0T-替米沙坦片80mg-美卡素-D68415-60min-20X-Side-2-3.docx,替米沙坦/pH2.0/side/221105-01-pH2.0T-替米沙坦片80mg-美卡素-D68415-60min-20X-Side-1vs221105-01-pH2.0T-替米沙坦片80mg-美卡素-D68415-60min-20X-Side-3-3.docx,consistent,same,3,0,0,0,0,,0
slot_1,替米沙坦,pH2.0,美卡素,舒尼亚,美卡素 vs 舒尼亚,D68415 vs 32206057,cross_manufacturer,替米沙坦 || pH2.0 || 美卡素 vs 舒尼亚 || D68415 vs 32206057,替米沙坦 || pH2.0 || 美卡素 vs 舒尼亚 || D68415 vs 32206057 || slot_1,3,1,"1,2,3",same,same,same,替米沙坦/pH2.0/side/221105-01-pH2.0T-替米沙坦片80mg-美卡素-D68415-60min-20X-Side-1vs221106-02-pH2.0T-替米沙坦片80mg-舒尼亚-32206057-60min-20X-Side-1-1.docx,替米沙坦/pH2.0/side/221105-01-pH2.0T-替米沙坦片80mg-美卡素-D68415-60min-20X-Side-1vs221106-02-pH2.0T-替米沙坦片80mg-舒尼亚-32206057-60min-20X-Side-2-1.docx,替米沙坦/pH2.0/side/221105-01-pH2.0T-替米沙坦片80mg-美卡素-D68415-60min-20X-Side-1vs221106-02-pH2.0T-替米沙坦片80mg-舒尼亚-32206057-60min-20X-Side-3-1.docx,consistent,same,3,0,0,0,0,,0
slot_2,替米沙坦,pH2.0,美卡素,舒尼亚,美卡素 vs 舒尼亚,D68415 vs 32206057,cross_manufacturer,替米沙坦 || pH2.0 || 美卡素 vs 舒尼亚 || D68415 vs 32206057,替米沙坦 || pH2.0 || 美卡素 vs 舒尼亚 || D68415 vs 32206057 || slot_2,3,1,"1,2,3",same,same,same,替米沙坦/pH2.0/side/221105-01-pH2.0T-替米沙坦片80mg-美卡素-D68415-60min-20X-Side-1vs221106-02-pH2.0T-替米沙坦片80mg-舒尼亚-32206057-60min-20X-Side-1-2.docx,替米沙坦/pH2.0/side/221105-01-pH2.0T-替米沙坦片80mg-美卡素-D68415-60min-20X-Side-1vs221106-02-pH2.0T-替米沙坦片80mg-舒尼亚-32206057-60min-20X-Side-2-2.docx,替米沙坦/pH2.0/side/221105-01-pH2.0T-替米沙坦片80mg-美卡素-D68415-60min-20X-Side-1vs221106-02-pH2.0T-替米沙坦片80mg-舒尼亚-32206057-60min-20X-Side-3-2.docx,consistent,same,3,0,0,0,0,,0
slot_3,替米沙坦,pH2.0,美卡素,舒尼亚,美卡素 vs 舒尼亚,D68415 vs 32206057,cross_manufacturer,替米沙坦 || pH2.0 || 美卡素 vs 舒尼亚 || D68415 vs 32206057,替米沙坦 || pH2.0 || 美卡素 vs 舒尼亚 || D68415 vs 32206057 || slot_3,3,1,"1,2,3",different,same,same,替米沙坦/pH2.0/side/221105-01-pH2.0T-替米沙坦片80mg-美卡素-D68415-60min-20X-Side-1vs221106-02-pH2.0T-替米沙坦片80mg-舒尼亚-32206057-60min-20X-Side-1-3.docx,替米沙坦/pH2.0/side/221105-01-pH2.0T-替米沙坦片80mg-美卡素-D68415-60min-20X-Side-1vs221106-02-pH2.0T-替米沙坦片80mg-舒尼亚-32206057-60min-20X-Side-2-3.docx,替米沙坦/pH2.0/side/221105-01-pH2.0T-替米沙坦片80mg-美卡素-D68415-60min-20X-Side-1vs221106-02-pH2.0T-替米沙坦片80mg-舒尼亚-32206057-60min-20X-Side-3-3.docx,inconsistent,same,2,1,0,0,1,1,1
unassigned,替米沙坦,,,,,,unknown,替米沙坦,替米沙坦 || unassigned,1,0,01,,,,,,,insufficient,,0,0,0,0,0,,1
slot_1,硝苯地平,,拜新同,一品红,拜新同 vs 一品红,BJ86516 vs 302125001,cross_manufacturer,硝苯地平 || 拜新同 vs 一品红 || BJ86516 vs 302125001,硝苯地平 || 拜新同 vs 一品红 || BJ86516 vs 302125001 || slot_1,1,0,1,same,,,硝苯地平/side/01-硝苯地平控释片30mg-拜新同-BJ86516-Side-36h-750X-1vs07-硝苯地平控释片30mg-一品红-302125001-Side-36h-750X-1-1.docx,,,insufficient,same,1,0,0,0,0,,1
slot_2,硝苯地平,,拜新同,一品红,拜新同 vs 一品红,BJ86516 vs 302125001,cross_manufacturer,硝苯地平 || 拜新同 vs 一品红 || BJ86516 vs 302125001,硝苯地平 || 拜新同 vs 一品红 || BJ86516 vs 302125001 || slot_2,1,0,1,same,,,硝苯地平/side/01-硝苯地平控释片30mg-拜新同-BJ86516-Side-36h-750X-1vs07-硝苯地平控释片30mg-一品红-302125001-Side-36h-750X-1-2.docx,,,insufficient,same,1,0,0,0,0,,1
slot_3,硝苯地平,,拜新同,一品红,拜新同 vs 一品红,BJ86516 vs 302125001,cross_manufacturer,硝苯地平 || 拜新同 vs 一品红 || BJ86516 vs 302125001,硝苯地平 || 拜新同 vs 一品红 || BJ86516 vs 302125001 || slot_3,1,0,1,same,,,硝苯地平/side/01-硝苯地平控释片30mg-拜新同-BJ86516-Side-36h-750X-1vs07-硝苯地平控释片30mg-一品红-302125001-Side-36h-750X-1-3.docx,,,insufficient,same,1,0,0,0,0,,1
slot_1,硝苯地平,,拜新同,久保平,拜新同 vs 久保平,BJ86516 vs 22400938,cross_manufacturer,硝苯地平 || 拜新同 vs 久保平 || BJ86516 vs 22400938,硝苯地平 || 拜新同 vs 久保平 || BJ86516 vs 22400938 || slot_1,1,0,1,same,,,硝苯地平/side/01-硝苯地平控释片30mg-拜新同-BJ86516-Side-36h-750X-1vs05-硝苯地平控释片30mg-久保平-22400938-Side-36h-750X-1-1.docx,,,insufficient,same,1,0,0,0,0,,1
slot_2,硝苯地平,,拜新同,久保平,拜新同 vs 久保平,BJ86516 vs 22400938,cross_manufacturer,硝苯地平 || 拜新同 vs 久保平 || BJ86516 vs 22400938,硝苯地平 || 拜新同 vs 久保平 || BJ86516 vs 22400938 || slot_2,1,0,1,same,,,硝苯地平/side/01-硝苯地平控释片30mg-拜新同-BJ86516-Side-36h-750X-1vs05-硝苯地平控释片30mg-久保平-22400938-Side-36h-750X-1-2.docx,,,insufficient,same,1,0,0,0,0,,1
slot_3,硝苯地平,,拜新同,久保平,拜新同 vs 久保平,BJ86516 vs 22400938,cross_manufacturer,硝苯地平 || 拜新同 vs 久保平 || BJ86516 vs 22400938,硝苯地平 || 拜新同 vs 久保平 || BJ86516 vs 22400938 || slot_3,1,0,1,same,,,硝苯地平/side/01-硝苯地平控释片30mg-拜新同-BJ86516-Side-36h-750X-1vs05-硝苯地平控释片30mg-久保平-22400938-Side-36h-750X-1-3.docx,,,insufficient,same,1,0,0,0,0,,1
slot_1,硝苯地平,,拜新同,亚宝,拜新同 vs 亚宝,BJ86516 vs 241001,cross_manufacturer,硝苯地平 || 拜新同 vs 亚宝 || BJ86516 vs 241001,硝苯地平 || 拜新同 vs 亚宝 || BJ86516 vs 241001 || slot_1,1,0,1,same,,,硝苯地平/side/01-硝苯地平控释片30mg-拜新同-BJ86516-Side-36h-750X-1vs16-硝苯地平控释片30mg-亚宝-241001-Side-36h-750X-1-1.docx,,,insufficient,same,1,0,0,0,0,,1
slot_2,硝苯地平,,拜新同,亚宝,拜新同 vs 亚宝,BJ86516 vs 241001,cross_manufacturer,硝苯地平 || 拜新同 vs 亚宝 || BJ86516 vs 241001,硝苯地平 || 拜新同 vs 亚宝 || BJ86516 vs 241001 || slot_2,1,0,1,different,,,硝苯地平/side/01-硝苯地平控释片30mg-拜新同-BJ86516-Side-36h-750X-1vs16-硝苯地平控释片30mg-亚宝-241001-Side-36h-750X-1-2.docx,,,insufficient,different,0,1,0,0,0,,1
slot_3,硝苯地平,,拜新同,亚宝,拜新同 vs 亚宝,BJ86516 vs 241001,cross_manufacturer,硝苯地平 || 拜新同 vs 亚宝 || BJ86516 vs 241001,硝苯地平 || 拜新同 vs 亚宝 || BJ86516 vs 241001 || slot_3,1,0,1,same,,,硝苯地平/side/01-硝苯地平控释片30mg-拜新同-BJ86516-Side-36h-750X-1vs16-硝苯地平控释片30mg-亚宝-241001-Side-36h-750X-1-3.docx,,,insufficient,same,1,0,0,0,0,,1
slot_1,硝苯地平,,拜新同,亿普,拜新同 vs 亿普,BJ86516 vs A240105R1,cross_manufacturer,硝苯地平 || 拜新同 vs 亿普 || BJ86516 vs A240105R1,硝苯地平 || 拜新同 vs 亿普 || BJ86516 vs A240105R1 || slot_1,1,0,1,same,,,硝苯地平/side/01-硝苯地平控释片30mg-拜新同-BJ86516-Side-36h-750X-1vs15-硝苯地平控释片30mg-亿普-A240105R1-Side-36h-750X-1-1.docx,,,insufficient,same,1,0,0,0,0,,1
slot_2,硝苯地平,,拜新同,亿普,拜新同 vs 亿普,BJ86516 vs A240105R1,cross_manufacturer,硝苯地平 || 拜新同 vs 亿普 || BJ86516 vs A240105R1,硝苯地平 || 拜新同 vs 亿普 || BJ86516 vs A240105R1 || slot_2,1,0,1,same,,,硝苯地平/side/01-硝苯地平控释片30mg-拜新同-BJ86516-Side-36h-750X-1vs15-硝苯地平控释片30mg-亿普-A240105R1-Side-36h-750X-1-2.docx,,,insufficient,same,1,0,0,0,0,,1
slot_3,硝苯地平,,拜新同,亿普,拜新同 vs 亿普,BJ86516 vs A240105R1,cross_manufacturer,硝苯地平 || 拜新同 vs 亿普 || BJ86516 vs A240105R1,硝苯地平 || 拜新同 vs 亿普 || BJ86516 vs A240105R1 || slot_3,1,0,1,same,,,硝苯地平/side/01-硝苯地平控释片30mg-拜新同-BJ86516-Side-36h-750X-1vs15-硝苯地平控释片30mg-亿普-A240105R1-Side-36h-750X-1-3.docx,,,insufficient,same,1,0,0,0,0,,1
slot_1,硝苯地平,,拜新同,君保泰,拜新同 vs 君保泰,BJ86516 vs 2505363,cross_manufacturer,硝苯地平 || 拜新同 vs 君保泰 || BJ86516 vs 2505363,硝苯地平 || 拜新同 vs 君保泰 || BJ86516 vs 2505363 || slot_1,1,0,1,same,,,硝苯地平/side/01-硝苯地平控释片30mg-拜新同-BJ86516-Side-36h-750X-1vs10-硝苯地平控释片30mg-君保泰-2505363-Side-36h-750X-1-1.docx,,,insufficient,same,1,0,0,0,0,,1
slot_2,硝苯地平,,拜新同,君保泰,拜新同 vs 君保泰,BJ86516 vs 2505363,cross_manufacturer,硝苯地平 || 拜新同 vs 君保泰 || BJ86516 vs 2505363,硝苯地平 || 拜新同 vs 君保泰 || BJ86516 vs 2505363 || slot_2,1,0,1,same,,,硝苯地平/side/01-硝苯地平控释片30mg-拜新同-BJ86516-Side-36h-750X-1vs10-硝苯地平控释片30mg-君保泰-2505363-Side-36h-750X-1-2.docx,,,insufficient,same,1,0,0,0,0,,1
slot_3,硝苯地平,,拜新同,君保泰,拜新同 vs 君保泰,BJ86516 vs 2505363,cross_manufacturer,硝苯地平 || 拜新同 vs 君保泰 || BJ86516 vs 2505363,硝苯地平 || 拜新同 vs 君保泰 || BJ86516 vs 2505363 || slot_3,1,0,1,same,,,硝苯地平/side/01-硝苯地平控释片30mg-拜新同-BJ86516-Side-36h-750X-1vs10-硝苯地平控释片30mg-君保泰-2505363-Side-36h-750X-1-3.docx,,,insufficient,same,1,0,0,0,0,,1
slot_1,硝苯地平,,拜新同,奈特,拜新同 vs 奈特,BJ86516 vs 240419111,cross_manufacturer,硝苯地平 || 拜新同 vs 奈特 || BJ86516 vs 240419111,硝苯地平 || 拜新同 vs 奈特 || BJ86516 vs 240419111 || slot_1,1,0,1,same,,,硝苯地平/side/01-硝苯地平控释片30mg-拜新同-BJ86516-Side-36h-750X-1vs03-硝苯地平控释片30mg-奈特-240419111-Side-36h-750X-1-1.docx,,,insufficient,same,1,0,0,0,0,,1
slot_2,硝苯地平,,拜新同,奈特,拜新同 vs 奈特,BJ86516 vs 240419111,cross_manufacturer,硝苯地平 || 拜新同 vs 奈特 || BJ86516 vs 240419111,硝苯地平 || 拜新同 vs 奈特 || BJ86516 vs 240419111 || slot_2,1,0,1,same,,,硝苯地平/side/01-硝苯地平控释片30mg-拜新同-BJ86516-Side-36h-750X-1vs03-硝苯地平控释片30mg-奈特-240419111-Side-36h-750X-1-2.docx,,,insufficient,same,1,0,0,0,0,,1
slot_3,硝苯地平,,拜新同,奈特,拜新同 vs 奈特,BJ86516 vs 240419111,cross_manufacturer,硝苯地平 || 拜新同 vs 奈特 || BJ86516 vs 240419111,硝苯地平 || 拜新同 vs 奈特 || BJ86516 vs 240419111 || slot_3,1,0,1,same,,,硝苯地平/side/01-硝苯地平控释片30mg-拜新同-BJ86516-Side-36h-750X-1vs03-硝苯地平控释片30mg-奈特-240419111-Side-36h-750X-1-3.docx,,,insufficient,same,1,0,0,0,0,,1
slot_1,硝苯地平,,拜新同,奥赛定,拜新同 vs 奥赛定,BJ86516 vs 0000117508,cross_manufacturer,硝苯地平 || 拜新同 vs 奥赛定 || BJ86516 vs 0000117508,硝苯地平 || 拜新同 vs 奥赛定 || BJ86516 vs 0000117508 || slot_1,1,0,1,same,,,硝苯地平/side/01-硝苯地平控释片30mg-拜新同-BJ86516-Side-36h-750X-1vs12-硝苯地平控释片30mg-奥赛定-0000117508-Side-36h-750X-1-1.docx,,,insufficient,same,1,0,0,0,0,,1
slot_2,硝苯地平,,拜新同,奥赛定,拜新同 vs 奥赛定,BJ86516 vs 0000117508,cross_manufacturer,硝苯地平 || 拜新同 vs 奥赛定 || BJ86516 vs 0000117508,硝苯地平 || 拜新同 vs 奥赛定 || BJ86516 vs 0000117508 || slot_2,1,0,1,same,,,硝苯地平/side/01-硝苯地平控释片30mg-拜新同-BJ86516-Side-36h-750X-1vs12-硝苯地平控释片30mg-奥赛定-0000117508-Side-36h-750X-1-2.docx,,,insufficient,same,1,0,0,0,0,,1
slot_3,硝苯地平,,拜新同,奥赛定,拜新同 vs 奥赛定,BJ86516 vs 0000117508,cross_manufacturer,硝苯地平 || 拜新同 vs 奥赛定 || BJ86516 vs 0000117508,硝苯地平 || 拜新同 vs 奥赛定 || BJ86516 vs 0000117508 || slot_3,1,0,1,same,,,硝苯地平/side/01-硝苯地平控释片30mg-拜新同-BJ86516-Side-36h-750X-1vs12-硝苯地平控释片30mg-奥赛定-0000117508-Side-36h-750X-1-3.docx,,,insufficient,same,1,0,0,0,0,,1
slot_1,硝苯地平,,拜新同,居安诺,拜新同 vs 居安诺,BJ86516 vs Q332411291,cross_manufacturer,硝苯地平 || 拜新同 vs 居安诺 || BJ86516 vs Q332411291,硝苯地平 || 拜新同 vs 居安诺 || BJ86516 vs Q332411291 || slot_1,1,0,1,same,,,硝苯地平/side/01-硝苯地平控释片30mg-拜新同-BJ86516-Side-36h-750X-1vs09-硝苯地平控释片30mg-居安诺-Q332411291-Side-36h-750X-1-1.docx,,,insufficient,same,1,0,0,0,0,,1
slot_2,硝苯地平,,拜新同,居安诺,拜新同 vs 居安诺,BJ86516 vs Q332411291,cross_manufacturer,硝苯地平 || 拜新同 vs 居安诺 || BJ86516 vs Q332411291,硝苯地平 || 拜新同 vs 居安诺 || BJ86516 vs Q332411291 || slot_2,1,0,1,same,,,硝苯地平/side/01-硝苯地平控释片30mg-拜新同-BJ86516-Side-36h-750X-1vs09-硝苯地平控释片30mg-居安诺-Q332411291-Side-36h-750X-1-2.docx,,,insufficient,same,1,0,0,0,0,,1
slot_3,硝苯地平,,拜新同,居安诺,拜新同 vs 居安诺,BJ86516 vs Q332411291,cross_manufacturer,硝苯地平 || 拜新同 vs 居安诺 || BJ86516 vs Q332411291,硝苯地平 || 拜新同 vs 居安诺 || BJ86516 vs Q332411291 || slot_3,1,0,1,same,,,硝苯地平/side/01-硝苯地平控释片30mg-拜新同-BJ86516-Side-36h-750X-1vs09-硝苯地平控释片30mg-居安诺-Q332411291-Side-36h-750X-1-3.docx,,,insufficient,same,1,0,0,0,0,,1
slot_1,硝苯地平,,拜新同,得欣通,拜新同 vs 得欣通,BJ86516 vs 2214250501,cross_manufacturer,硝苯地平 || 拜新同 vs 得欣通 || BJ86516 vs 2214250501,硝苯地平 || 拜新同 vs 得欣通 || BJ86516 vs 2214250501 || slot_1,1,0,1,same,,,硝苯地平/side/01-硝苯地平控释片30mg-拜新同-BJ86516-Side-36h-750X-1vs13-硝苯地平控释片30mg-得欣通-2214250501-Side-36h-750X-1-1.docx,,,insufficient,same,1,0,0,0,0,,1
slot_2,硝苯地平,,拜新同,得欣通,拜新同 vs 得欣通,BJ86516 vs 2214250501,cross_manufacturer,硝苯地平 || 拜新同 vs 得欣通 || BJ86516 vs 2214250501,硝苯地平 || 拜新同 vs 得欣通 || BJ86516 vs 2214250501 || slot_2,1,0,1,same,,,硝苯地平/side/01-硝苯地平控释片30mg-拜新同-BJ86516-Side-36h-750X-1vs13-硝苯地平控释片30mg-得欣通-2214250501-Side-36h-750X-1-2.docx,,,insufficient,same,1,0,0,0,0,,1
slot_3,硝苯地平,,拜新同,得欣通,拜新同 vs 得欣通,BJ86516 vs 2214250501,cross_manufacturer,硝苯地平 || 拜新同 vs 得欣通 || BJ86516 vs 2214250501,硝苯地平 || 拜新同 vs 得欣通 || BJ86516 vs 2214250501 || slot_3,1,0,1,same,,,硝苯地平/side/01-硝苯地平控释片30mg-拜新同-BJ86516-Side-36h-750X-1vs13-硝苯地平控释片30mg-得欣通-2214250501-Side-36h-750X-1-3.docx,,,insufficient,same,1,0,0,0,0,,1
slot_1,硝苯地平,,拜新同,拜新同,拜新同 vs 拜新同,BJ86516 vs BJ86516,same_manufacturer,硝苯地平 || 拜新同 vs 拜新同 || BJ86516 vs BJ86516,硝苯地平 || 拜新同 vs 拜新同 || BJ86516 vs BJ86516 || slot_1,1,0,1,same,,,硝苯地平/side/01-硝苯地平控释片30mg-拜新同-BJ86516-Side-36h-750X-1vs01-硝苯地平控释片30mg-拜新同-BJ86516-Side-36h-750X-1-1.docx,,,insufficient,same,1,0,0,0,0,,1
slot_2,硝苯地平,,拜新同,拜新同,拜新同 vs 拜新同,BJ86516 vs BJ86516,same_manufacturer,硝苯地平 || 拜新同 vs 拜新同 || BJ86516 vs BJ86516,硝苯地平 || 拜新同 vs 拜新同 || BJ86516 vs BJ86516 || slot_2,1,0,1,same,,,硝苯地平/side/01-硝苯地平控释片30mg-拜新同-BJ86516-Side-36h-750X-1vs01-硝苯地平控释片30mg-拜新同-BJ86516-Side-36h-750X-1-2.docx,,,insufficient,same,1,0,0,0,0,,1
slot_3,硝苯地平,,拜新同,拜新同,拜新同 vs 拜新同,BJ86516 vs BJ86516,same_manufacturer,硝苯地平 || 拜新同 vs 拜新同 || BJ86516 vs BJ86516,硝苯地平 || 拜新同 vs 拜新同 || BJ86516 vs BJ86516 || slot_3,1,0,1,same,,,硝苯地平/side/01-硝苯地平控释片30mg-拜新同-BJ86516-Side-36h-750X-1vs01-硝苯地平控释片30mg-拜新同-BJ86516-Side-36h-750X-1-3.docx,,,insufficient,same,1,0,0,0,0,,1
slot_1,硝苯地平,,拜新同,易释,拜新同 vs 易释,BJ86516 vs 2506K003,cross_manufacturer,硝苯地平 || 拜新同 vs 易释 || BJ86516 vs 2506K003,硝苯地平 || 拜新同 vs 易释 || BJ86516 vs 2506K003 || slot_1,1,0,1,same,,,硝苯地平/side/01-硝苯地平控释片30mg-拜新同-BJ86516-Side-36h-750X-1vs02-硝苯地平控释片30mg-易释-2506K003-Side-36h-750X-1-1.docx,,,insufficient,same,1,0,0,0,0,,1
slot_2,硝苯地平,,拜新同,易释,拜新同 vs 易释,BJ86516 vs 2506K003,cross_manufacturer,硝苯地平 || 拜新同 vs 易释 || BJ86516 vs 2506K003,硝苯地平 || 拜新同 vs 易释 || BJ86516 vs 2506K003 || slot_2,1,0,1,same,,,硝苯地平/side/01-硝苯地平控释片30mg-拜新同-BJ86516-Side-36h-750X-1vs02-硝苯地平控释片30mg-易释-2506K003-Side-36h-750X-1-2.docx,,,insufficient,same,1,0,0,0,0,,1
slot_3,硝苯地平,,拜新同,易释,拜新同 vs 易释,BJ86516 vs 2506K003,cross_manufacturer,硝苯地平 || 拜新同 vs 易释 || BJ86516 vs 2506K003,硝苯地平 || 拜新同 vs 易释 || BJ86516 vs 2506K003 || slot_3,1,0,1,same,,,硝苯地平/side/01-硝苯地平控释片30mg-拜新同-BJ86516-Side-36h-750X-1vs02-硝苯地平控释片30mg-易释-2506K003-Side-36h-750X-1-3.docx,,,insufficient,same,1,0,0,0,0,,1
slot_1,硝苯地平,,拜新同,欣然,拜新同 vs 欣然,BJ86516 vs 25053401,cross_manufacturer,硝苯地平 || 拜新同 vs 欣然 || BJ86516 vs 25053401,硝苯地平 || 拜新同 vs 欣然 || BJ86516 vs 25053401 || slot_1,1,0,1,different,,,硝苯地平/side/01-硝苯地平控释片30mg-拜新同-BJ86516-Side-36h-750X-1vs08-硝苯地平控释片30mg-欣然-25053401-Side-36h-750X-1-1.docx,,,insufficient,different,0,1,0,0,0,,1
slot_2,硝苯地平,,拜新同,欣然,拜新同 vs 欣然,BJ86516 vs 25053401,cross_manufacturer,硝苯地平 || 拜新同 vs 欣然 || BJ86516 vs 25053401,硝苯地平 || 拜新同 vs 欣然 || BJ86516 vs 25053401 || slot_2,1,0,1,different,,,硝苯地平/side/01-硝苯地平控释片30mg-拜新同-BJ86516-Side-36h-750X-1vs08-硝苯地平控释片30mg-欣然-25053401-Side-36h-750X-1-2.docx,,,insufficient,different,0,1,0,0,0,,1
slot_3,硝苯地平,,拜新同,欣然,拜新同 vs 欣然,BJ86516 vs 25053401,cross_manufacturer,硝苯地平 || 拜新同 vs 欣然 || BJ86516 vs 25053401,硝苯地平 || 拜新同 vs 欣然 || BJ86516 vs 25053401 || slot_3,1,0,1,different,,,硝苯地平/side/01-硝苯地平控释片30mg-拜新同-BJ86516-Side-36h-750X-1vs08-硝苯地平控释片30mg-欣然-25053401-Side-36h-750X-1-3.docx,,,insufficient,different,0,1,0,0,0,,1
slot_1,硝苯地平,,拜新同,欣适平,拜新同 vs 欣适平,BJ86516 vs 58,cross_manufacturer,硝苯地平 || 拜新同 vs 欣适平 || BJ86516 vs 58,硝苯地平 || 拜新同 vs 欣适平 || BJ86516 vs 58 || slot_1,1,0,1,same,,,硝苯地平/side/01-硝苯地平控释片30mg-拜新同-BJ86516-Side-36h-750X-1vs04-硝苯地平控释片30mg-欣适平-58-240203-Side-36h-750X-1-1.docx,,,insufficient,same,1,0,0,0,0,,1
slot_2,硝苯地平,,拜新同,欣适平,拜新同 vs 欣适平,BJ86516 vs 58,cross_manufacturer,硝苯地平 || 拜新同 vs 欣适平 || BJ86516 vs 58,硝苯地平 || 拜新同 vs 欣适平 || BJ86516 vs 58 || slot_2,1,0,1,same,,,硝苯地平/side/01-硝苯地平控释片30mg-拜新同-BJ86516-Side-36h-750X-1vs04-硝苯地平控释片30mg-欣适平-58-240203-Side-36h-750X-1-2.docx,,,insufficient,same,1,0,0,0,0,,1
slot_3,硝苯地平,,拜新同,欣适平,拜新同 vs 欣适平,BJ86516 vs 58,cross_manufacturer,硝苯地平 || 拜新同 vs 欣适平 || BJ86516 vs 58,硝苯地平 || 拜新同 vs 欣适平 || BJ86516 vs 58 || slot_3,1,0,1,same,,,硝苯地平/side/01-硝苯地平控释片30mg-拜新同-BJ86516-Side-36h-750X-1vs04-硝苯地平控释片30mg-欣适平-58-240203-Side-36h-750X-1-3.docx,,,insufficient,same,1,0,0,0,0,,1
slot_1,硝苯地平,,拜新同,立方,拜新同 vs 立方,BJ86516 vs 2503501,cross_manufacturer,硝苯地平 || 拜新同 vs 立方 || BJ86516 vs 2503501,硝苯地平 || 拜新同 vs 立方 || BJ86516 vs 2503501 || slot_1,1,0,1,same,,,硝苯地平/side/01-硝苯地平控释片30mg-拜新同-BJ86516-Side-36h-750X-1vs06-硝苯地平控释片30mg-立方-2503501-Side-36h-750X-1-1.docx,,,insufficient,same,1,0,0,0,0,,1
slot_2,硝苯地平,,拜新同,立方,拜新同 vs 立方,BJ86516 vs 2503501,cross_manufacturer,硝苯地平 || 拜新同 vs 立方 || BJ86516 vs 2503501,硝苯地平 || 拜新同 vs 立方 || BJ86516 vs 2503501 || slot_2,1,0,1,same,,,硝苯地平/side/01-硝苯地平控释片30mg-拜新同-BJ86516-Side-36h-750X-1vs06-硝苯地平控释片30mg-立方-2503501-Side-36h-750X-1-2.docx,,,insufficient,same,1,0,0,0,0,,1
slot_3,硝苯地平,,拜新同,立方,拜新同 vs 立方,BJ86516 vs 2503501,cross_manufacturer,硝苯地平 || 拜新同 vs 立方 || BJ86516 vs 2503501,硝苯地平 || 拜新同 vs 立方 || BJ86516 vs 2503501 || slot_3,1,0,1,same,,,硝苯地平/side/01-硝苯地平控释片30mg-拜新同-BJ86516-Side-36h-750X-1vs06-硝苯地平控释片30mg-立方-2503501-Side-36h-750X-1-3.docx,,,insufficient,same,1,0,0,0,0,,1
slot_1,硝苯地平,,拜新同,贝奇康,拜新同 vs 贝奇康,BJ86516 vs 2406601,cross_manufacturer,硝苯地平 || 拜新同 vs 贝奇康 || BJ86516 vs 2406601,硝苯地平 || 拜新同 vs 贝奇康 || BJ86516 vs 2406601 || slot_1,1,0,1,same,,,硝苯地平/side/01-硝苯地平控释片30mg-拜新同-BJ86516-Side-36h-750X-1vs11-硝苯地平控释片30mg-贝奇康-2406601-Side-36h-750X-1-1.docx,,,insufficient,same,1,0,0,0,0,,1
slot_2,硝苯地平,,拜新同,贝奇康,拜新同 vs 贝奇康,BJ86516 vs 2406601,cross_manufacturer,硝苯地平 || 拜新同 vs 贝奇康 || BJ86516 vs 2406601,硝苯地平 || 拜新同 vs 贝奇康 || BJ86516 vs 2406601 || slot_2,1,0,1,same,,,硝苯地平/side/01-硝苯地平控释片30mg-拜新同-BJ86516-Side-36h-750X-1vs11-硝苯地平控释片30mg-贝奇康-2406601-Side-36h-750X-1-2.docx,,,insufficient,same,1,0,0,0,0,,1
slot_3,硝苯地平,,拜新同,贝奇康,拜新同 vs 贝奇康,BJ86516 vs 2406601,cross_manufacturer,硝苯地平 || 拜新同 vs 贝奇康 || BJ86516 vs 2406601,硝苯地平 || 拜新同 vs 贝奇康 || BJ86516 vs 2406601 || slot_3,1,0,1,same,,,硝苯地平/side/01-硝苯地平控释片30mg-拜新同-BJ86516-Side-36h-750X-1vs11-硝苯地平控释片30mg-贝奇康-2406601-Side-36h-750X-1-3.docx,,,insufficient,same,1,0,0,0,0,,1
slot_1,硝苯地平,,拜新同,赛新同,拜新同 vs 赛新同,BJ86516 vs 12401091,cross_manufacturer,硝苯地平 || 拜新同 vs 赛新同 || BJ86516 vs 12401091,硝苯地平 || 拜新同 vs 赛新同 || BJ86516 vs 12401091 || slot_1,1,0,1,same,,,硝苯地平/side/01-硝苯地平控释片30mg-拜新同-BJ86516-Side-36h-750X-1vs14-硝苯地平控释片30mg-赛新同-12401091-Side-36h-750X-1-1.docx,,,insufficient,same,1,0,0,0,0,,1
slot_2,硝苯地平,,拜新同,赛新同,拜新同 vs 赛新同,BJ86516 vs 12401091,cross_manufacturer,硝苯地平 || 拜新同 vs 赛新同 || BJ86516 vs 12401091,硝苯地平 || 拜新同 vs 赛新同 || BJ86516 vs 12401091 || slot_2,1,0,1,same,,,硝苯地平/side/01-硝苯地平控释片30mg-拜新同-BJ86516-Side-36h-750X-1vs14-硝苯地平控释片30mg-赛新同-12401091-Side-36h-750X-1-2.docx,,,insufficient,same,1,0,0,0,0,,1
slot_3,硝苯地平,,拜新同,赛新同,拜新同 vs 赛新同,BJ86516 vs 12401091,cross_manufacturer,硝苯地平 || 拜新同 vs 赛新同 || BJ86516 vs 12401091,硝苯地平 || 拜新同 vs 赛新同 || BJ86516 vs 12401091 || slot_3,1,0,1,same,,,硝苯地平/side/01-硝苯地平控释片30mg-拜新同-BJ86516-Side-36h-750X-1vs14-硝苯地平控释片30mg-赛新同-12401091-Side-36h-750X-1-3.docx,,,insufficient,same,1,0,0,0,0,,1
