group_type,group_value,file_count,supported_count,unsupported_count,verdict_same_count,verdict_different_count,verdict_unknown_count,avg_experiment_completeness_pct,avg_dimension_coverage_pct,avg_dimension_detail_score_pct,avg_mechanism_score_pct,avg_reasoning_score_pct,avg_structural_completeness_pct,avg_overall_quality_score_pct,comparison_table_rate_pct,reference_trace_rate_pct,placeholder_reference_rate_pct
OVERALL,ALL,258,258,0,210,47,1,83.72,100.0,99.59,30.96,84.53,99.71,83.96,99.61,100.0,88.37
MODEL_BUCKET,slot_1,86,86,0,73,13,0,83.14,100.0,99.62,30.05,84.98,99.71,83.78,100.0,100.0,94.19
MODEL_BUCKET,slot_2,85,85,0,68,17,0,83.13,100.0,99.61,32.18,84.85,99.71,84.08,100.0,100.0,82.35
MODEL_BUCKET,slot_3,85,85,0,69,16,0,84.51,100.0,99.54,30.45,84.38,99.71,84.01,100.0,100.0,90.59
MODEL_BUCKET,unassigned,2,2,0,0,1,1,100.0,100.0,100.0,40.0,57.3,100.0,84.59,50.0,100.0,0.0
DRUG,咪唑斯汀,9,9,0,9,0,0,94.44,100.0,99.76,35.33,80.0,100.0,86.15,100.0,100.0,77.78
DRUG,地若孕素,46,46,0,44,2,0,81.52,100.0,99.78,30.91,86.86,99.46,83.85,100.0,100.0,82.61
DRUG,替米沙坦,155,155,0,113,41,1,81.93,100.0,99.5,30.95,84.37,99.68,83.56,99.35,100.0,88.39
DRUG,硝苯地平,48,48,0,44,4,0,89.58,100.0,99.67,30.19,83.64,100.0,84.94,100.0,100.0,95.83
MANUFACTURER_PAIR,01 vs unknown,2,2,0,0,1,1,100.0,100.0,100.0,40.0,57.3,100.0,84.59,50.0,100.0,0.0
MANUFACTURER_PAIR,唯散宁 vs 博律,9,9,0,9,0,0,83.33,100.0,99.87,31.44,84.95,100.0,84.1,100.0,100.0,77.78
MANUFACTURER_PAIR,唯散宁 vs 唯散宁,10,10,0,9,1,0,75.0,100.0,99.95,31.2,87.42,97.5,82.41,100.0,100.0,80.0
MANUFACTURER_PAIR,唯散宁 vs 小仙片,9,9,0,9,0,0,83.33,100.0,99.51,29.0,86.76,100.0,83.96,100.0,100.0,100.0
MANUFACTURER_PAIR,唯散宁 vs 紫竹,9,9,0,9,0,0,83.33,100.0,99.7,32.67,87.18,100.0,84.6,100.0,100.0,66.67
MANUFACTURER_PAIR,唯散宁 vs 蒂诺安,9,9,0,8,1,0,83.33,100.0,99.88,30.22,87.92,100.0,84.37,100.0,100.0,88.89
MANUFACTURER_PAIR,拜新同 vs 一品红,3,3,0,3,0,0,83.33,100.0,99.45,29.0,87.36,100.0,84.04,100.0,100.0,100.0
MANUFACTURER_PAIR,拜新同 vs 久保平,3,3,0,3,0,0,83.33,100.0,99.27,29.0,85.83,100.0,83.78,100.0,100.0,100.0
MANUFACTURER_PAIR,拜新同 vs 亚宝,3,3,0,2,1,0,88.89,100.0,99.82,29.0,84.86,100.0,84.83,100.0,100.0,100.0
MANUFACTURER_PAIR,拜新同 vs 亿普,3,3,0,3,0,0,83.33,100.0,99.09,29.0,79.17,100.0,82.76,100.0,100.0,100.0
MANUFACTURER_PAIR,拜新同 vs 君保泰,3,3,0,3,0,0,88.89,100.0,99.63,40.67,89.3,100.0,87.22,100.0,100.0,100.0
MANUFACTURER_PAIR,拜新同 vs 奈特,3,3,0,3,0,0,88.89,100.0,99.82,29.0,84.86,100.0,84.83,100.0,100.0,100.0
MANUFACTURER_PAIR,拜新同 vs 奥赛定,3,3,0,3,0,0,88.89,100.0,100.0,29.0,85.83,100.0,85.0,100.0,100.0,100.0
MANUFACTURER_PAIR,拜新同 vs 居安诺,3,3,0,3,0,0,88.89,100.0,99.63,32.67,78.2,100.0,84.35,100.0,100.0,66.67
MANUFACTURER_PAIR,拜新同 vs 得欣通,3,3,0,3,0,0,88.89,100.0,100.0,29.0,78.2,100.0,83.86,100.0,100.0,100.0
MANUFACTURER_PAIR,拜新同 vs 拜新同,3,3,0,3,0,0,88.89,100.0,99.45,29.0,82.64,100.0,84.44,100.0,100.0,100.0
MANUFACTURER_PAIR,拜新同 vs 易释,3,3,0,3,0,0,88.89,100.0,100.0,29.0,88.05,100.0,85.33,100.0,100.0,100.0
MANUFACTURER_PAIR,拜新同 vs 欣然,3,3,0,0,3,0,94.44,100.0,99.82,29.0,80.14,100.0,85.23,100.0,100.0,100.0
MANUFACTURER_PAIR,拜新同 vs 欣适平,3,3,0,3,0,0,94.44,100.0,99.82,29.0,85.83,100.0,86.09,100.0,100.0,100.0
MANUFACTURER_PAIR,拜新同 vs 立方,3,3,0,3,0,0,100.0,100.0,99.25,32.67,78.2,100.0,86.52,100.0,100.0,66.67
MANUFACTURER_PAIR,拜新同 vs 贝奇康,3,3,0,3,0,0,88.89,100.0,100.0,29.0,89.3,100.0,85.52,100.0,100.0,100.0
MANUFACTURER_PAIR,拜新同 vs 赛新同,3,3,0,3,0,0,94.44,100.0,99.63,29.0,80.42,100.0,85.25,100.0,100.0,100.0
MANUFACTURER_PAIR,皿治林 vs 奥尼捷,3,3,0,3,0,0,94.44,100.0,99.63,32.67,80.42,100.0,85.8,100.0,100.0,66.67
MANUFACTURER_PAIR,皿治林 vs 皿治林,6,6,0,6,0,0,94.44,100.0,99.82,36.67,79.79,100.0,86.33,100.0,100.0,83.33
MANUFACTURER_PAIR,美卡素 vs 安内强,30,30,0,18,12,0,83.33,100.0,99.6,30.83,84.96,100.0,83.97,100.0,100.0,83.33
MANUFACTURER_PAIR,美卡素 vs 欧美宁,18,18,0,13,5,0,77.78,100.0,99.52,32.17,86.18,98.61,83.03,100.0,100.0,88.89
MANUFACTURER_PAIR,美卡素 vs 毓乐宁,18,18,0,16,2,0,78.7,100.0,99.33,32.78,82.96,98.61,82.79,100.0,100.0,83.33
MANUFACTURER_PAIR,美卡素 vs 美卡素,42,42,0,36,6,0,83.33,100.0,99.45,30.31,84.93,100.0,83.87,100.0,100.0,88.1
MANUFACTURER_PAIR,美卡素 vs 舒尼亚,45,45,0,30,15,0,81.85,100.0,99.53,30.02,84.51,100.0,83.48,100.0,100.0,97.78
FORMAT,.docx,258,258,0,210,47,1,83.72,100.0,99.59,30.96,84.53,99.71,83.96,99.61,100.0,88.37
