"check_type","repo_path","manifest_status","result","notes"
"manifest_entry_exists",".gitignore","generated","pass","Manifest entry has matching file."
"manifest_entry_exists","CITATION.cff","generated","pass","Manifest entry has matching file."
"manifest_entry_exists","curation_manual_decisions.csv","generated","pass","Manifest entry has matching file."
"manifest_entry_exists","docs/README.md","generated","pass","Manifest entry has matching file."
"manifest_entry_exists","docs/README_2.md","copied","pass","Manifest entry has matching file."
"manifest_entry_exists","docs/README_3.md","copied","pass","Manifest entry has matching file."
"manifest_entry_exists","docs/reproducibility_notes.md","generated","pass","Manifest entry has matching file."
"manifest_entry_exists","docs/requirements.txt","copied","pass","Manifest entry has matching file."
"manifest_entry_exists","docs/skill_metric_definitions.md","generated","pass","Manifest entry has matching file."
"manifest_entry_exists","example_data/example_images/01-ph4.5t-_2mg-_-we127f-side-15min-_-1_0005.000.jpg","copied","pass","Manifest entry has matching file."
"manifest_entry_exists","example_data/example_images/01-ph4.5t-_2mg-_-we127f-side-15min-_-1_0045.000.jpg","copied","pass","Manifest entry has matching file."
"manifest_entry_exists","example_data/example_images/01-ph4.5t-_2mg-_-we127f-side-15min-_-1_0090.000.jpg","copied","pass","Manifest entry has matching file."
"manifest_entry_exists","example_data/example_images/01-ph4.5t-_2mg-_-we127f-side-15min-_-1_0135.000.jpg","copied","pass","Manifest entry has matching file."
"manifest_entry_exists","example_data/example_images/01-ph4.5t-_2mg-_-we127f-side-15min-_-1_0180.000.jpg","copied","pass","Manifest entry has matching file."
"manifest_entry_exists","example_data/example_images/01-ph4.5t-_2mg-_-we127f-side-15min-_-1_0225.000.jpg","copied","pass","Manifest entry has matching file."
"manifest_entry_exists","example_data/example_images/01-ph4.5t-_2mg-_-we127f-side-15min-_-1_0270.000.jpg","copied","pass","Manifest entry has matching file."
"manifest_entry_exists","example_data/example_images/01-ph4.5t-_2mg-_-we127f-side-15min-_-1_0315.000.jpg","copied","pass","Manifest entry has matching file."
"manifest_entry_exists","example_data/example_images/01-ph4.5t-_2mg-_-we127f-side-15min-_-1_0360.000.jpg","copied","pass","Manifest entry has matching file."
"manifest_entry_exists","example_data/example_images/01-ph4.5t-_2mg-_-we127f-side-15min-_-1_0405.000.jpg","copied","pass","Manifest entry has matching file."
"manifest_entry_exists","example_data/example_images/01-ph4.5t-_2mg-_-we127f-side-15min-_-1_0450.000.jpg","copied","pass","Manifest entry has matching file."
"manifest_entry_exists","example_data/example_images/01-ph4.5t-_2mg-_-we127f-side-15min-_-1_0495.000.jpg","copied","pass","Manifest entry has matching file."
"manifest_entry_exists","example_data/example_images/01-ph4.5t-_2mg-_-we127f-side-15min-_-1_0540.000.jpg","copied","pass","Manifest entry has matching file."
"manifest_entry_exists","example_data/example_images/01-ph4.5t-_2mg-_-we127f-side-15min-_-1_0585.000.jpg","copied","pass","Manifest entry has matching file."
"manifest_entry_exists","example_data/example_images/01-ph4.5t-_2mg-_-we127f-side-15min-_-1_0630.000.jpg","copied","pass","Manifest entry has matching file."
"manifest_entry_exists","example_data/example_images/01-ph4.5t-_2mg-_-we127f-side-15min-_-1_0675.000.jpg","copied","pass","Manifest entry has matching file."
"manifest_entry_exists","example_data/example_images/01-ph4.5t-_2mg-_-we127f-side-15min-_-1_0720.000.jpg","copied","pass","Manifest entry has matching file."
"manifest_entry_exists","example_data/example_images/01-ph4.5t-_2mg-_-we127f-side-15min-_-1_0765.000.jpg","copied","pass","Manifest entry has matching file."
"manifest_entry_exists","example_data/example_images/01-ph4.5t-_2mg-_-we127f-side-15min-_-1_0810.000.jpg","copied","pass","Manifest entry has matching file."
"manifest_entry_exists","example_data/example_images/01-ph4.5t-_2mg-_-we127f-side-15min-_-1_0855.000.jpg","copied","pass","Manifest entry has matching file."
"manifest_entry_exists","example_data/example_images/231014-01-ph6.8t-_10mg-_-24h-side-750x-0_0000.500.jpg","copied","pass","Manifest entry has matching file."
"manifest_entry_exists","example_data/example_images/231014-01-ph6.8t-_10mg-_-24h-side-750x-0_0006.000.jpg","copied","pass","Manifest entry has matching file."
"manifest_entry_exists","example_data/example_images/231014-01-ph6.8t-_10mg-_-24h-side-750x-0_0012.000.jpg","copied","pass","Manifest entry has matching file."
"manifest_entry_exists","example_data/example_images/231014-01-ph6.8t-_10mg-_-24h-side-750x-0_0018.000.jpg","copied","pass","Manifest entry has matching file."
"manifest_entry_exists","example_data/example_images/231014-01-ph6.8t-_10mg-_-24h-side-750x-0_0024.000.jpg","copied","pass","Manifest entry has matching file."
"manifest_entry_exists","example_data/example_images/231014-01-ph6.8t-_10mg-_-24h-side-750x-0_0030.000.jpg","copied","pass","Manifest entry has matching file."
"manifest_entry_exists","example_data/example_images/231014-01-ph6.8t-_10mg-_-24h-side-750x-0_0036.000.jpg","copied","pass","Manifest entry has matching file."
"manifest_entry_exists","example_data/example_images/231014-01-ph6.8t-_10mg-_-24h-side-750x-0_0042.000.jpg","copied","pass","Manifest entry has matching file."
"manifest_entry_exists","example_data/example_images/231014-01-ph6.8t-_10mg-_-24h-side-750x-0_0048.000.jpg","copied","pass","Manifest entry has matching file."
"manifest_entry_exists","example_data/example_images/231014-01-ph6.8t-_10mg-_-24h-side-750x-0_0054.000.jpg","copied","pass","Manifest entry has matching file."
"manifest_entry_exists","example_data/example_images/231014-01-ph6.8t-_10mg-_-24h-side-750x-0_0060.000.jpg","copied","pass","Manifest entry has matching file."
"manifest_entry_exists","example_data/example_images/231014-01-ph6.8t-_10mg-_-24h-side-750x-0_0066.000.jpg","copied","pass","Manifest entry has matching file."
"manifest_entry_exists","example_data/example_images/231014-01-ph6.8t-_10mg-_-24h-side-750x-0_0072.000.jpg","copied","pass","Manifest entry has matching file."
"manifest_entry_exists","example_data/example_images/231014-01-ph6.8t-_10mg-_-24h-side-750x-0_0078.000.jpg","copied","pass","Manifest entry has matching file."
"manifest_entry_exists","example_data/example_images/231014-01-ph6.8t-_10mg-_-24h-side-750x-0_0084.000.jpg","copied","pass","Manifest entry has matching file."
"manifest_entry_exists","example_data/example_images/231014-01-ph6.8t-_10mg-_-24h-side-750x-0_0090.000.jpg","copied","pass","Manifest entry has matching file."
"manifest_entry_exists","example_data/example_images/231014-01-ph6.8t-_10mg-_-24h-side-750x-0_0096.000.jpg","copied","pass","Manifest entry has matching file."
"manifest_entry_exists","example_data/example_images/231014-01-ph6.8t-_10mg-_-24h-side-750x-0_0102.000.jpg","copied","pass","Manifest entry has matching file."
"manifest_entry_exists","example_data/example_images/231014-01-ph6.8t-_10mg-_-24h-side-750x-0_0108.000.jpg","copied","pass","Manifest entry has matching file."
"manifest_entry_exists","example_data/example_images/231014-01-ph6.8t-_10mg-_-24h-side-750x-0_0114.000.jpg","copied","pass","Manifest entry has matching file."
"manifest_entry_exists","example_data/example_markdown_outputs/chatflow/gliclazide/rep01/mechanism_answer.md","copied","pass","Manifest entry has matching file."
"manifest_entry_exists","example_data/example_markdown_outputs/chatflow/gliclazide/rep01/optimization_answer.md","copied","pass","Manifest entry has matching file."
"manifest_entry_exists","example_data/example_markdown_outputs/chatflow/gliclazide/rep01/optimization_report.docx","copied","pass","Manifest entry has matching file."
"manifest_entry_exists","example_data/example_markdown_outputs/chatflow/gliclazide/rep02/mechanism_answer.md","copied","pass","Manifest entry has matching file."
"manifest_entry_exists","example_data/example_markdown_outputs/chatflow/gliclazide/rep02/optimization_answer.md","copied","pass","Manifest entry has matching file."
"manifest_entry_exists","example_data/example_markdown_outputs/chatflow/gliclazide/rep02/optimization_report.docx","copied","pass","Manifest entry has matching file."
"manifest_entry_exists","example_data/example_markdown_outputs/chatflow/gliclazide/rep02/transcript.json","copied","pass","Manifest entry has matching file."
"manifest_entry_exists","example_data/example_markdown_outputs/chatflow/gliclazide/rep03/mechanism_answer.md","copied","pass","Manifest entry has matching file."
"manifest_entry_exists","example_data/example_markdown_outputs/chatflow/gliclazide/rep03/optimization_answer.md","copied","pass","Manifest entry has matching file."
"manifest_entry_exists","example_data/example_markdown_outputs/chatflow/gliclazide/rep03/optimization_report.docx","copied","pass","Manifest entry has matching file."
"manifest_entry_exists","example_data/example_markdown_outputs/chatflow/gliclazide/rep03/transcript.json","copied","pass","Manifest entry has matching file."
"manifest_entry_exists","example_data/example_markdown_outputs/chatflow/methylene_blue/rep01/mechanism_answer.md","copied","pass","Manifest entry has matching file."
"manifest_entry_exists","example_data/example_markdown_outputs/chatflow/methylene_blue/rep01/optimization_answer.md","copied","pass","Manifest entry has matching file."
"manifest_entry_exists","example_data/example_markdown_outputs/chatflow/methylene_blue/rep01/optimization_report.docx","copied","pass","Manifest entry has matching file."
"manifest_entry_exists","example_data/example_markdown_outputs/chatflow/methylene_blue/rep01/transcript.json","copied","pass","Manifest entry has matching file."
"manifest_entry_exists","example_data/example_markdown_outputs/chatflow/methylene_blue/rep02/mechanism_answer.md","copied","pass","Manifest entry has matching file."
"manifest_entry_exists","example_data/example_markdown_outputs/chatflow/methylene_blue/rep02/optimization_answer.md","copied","pass","Manifest entry has matching file."
"manifest_entry_exists","example_data/example_markdown_outputs/chatflow/methylene_blue/rep02/optimization_report.docx","copied","pass","Manifest entry has matching file."
"manifest_entry_exists","example_data/example_markdown_outputs/chatflow/methylene_blue/rep02/transcript.json","copied","pass","Manifest entry has matching file."
"manifest_entry_exists","example_data/example_markdown_outputs/chatflow/methylene_blue/rep03/mechanism_answer.md","copied","pass","Manifest entry has matching file."
"manifest_entry_exists","example_data/example_markdown_outputs/chatflow/methylene_blue/rep03/optimization_answer.md","copied","pass","Manifest entry has matching file."
"manifest_entry_exists","example_data/example_markdown_outputs/chatflow/methylene_blue/rep03/optimization_report.docx","copied","pass","Manifest entry has matching file."
"manifest_entry_exists","example_data/example_markdown_outputs/chatflow/methylene_blue/rep03/transcript.json","copied","pass","Manifest entry has matching file."
"manifest_entry_exists","example_data/example_markdown_outputs/gemini/formulation_optimization/gliclazide_matrix_tablet_disintegration_analysis_and_optimization_report.docx","copied","pass","Manifest entry has matching file."
"manifest_entry_exists","example_data/example_markdown_outputs/gemini/formulation_optimization/gliclazide_matrix_tablet_disintegration_and_formulation_optimization.docx","copied","pass","Manifest entry has matching file."
"manifest_entry_exists","example_data/example_markdown_outputs/gemini/formulation_optimization/gliclazide_matrix_tablet_disintegration_and_formulation_optimization_analysis.docx","copied","pass","Manifest entry has matching file."
"manifest_entry_exists","example_data/example_markdown_outputs/gemini/formulation_optimization/integrated_formulation_optimization_methylene_blue_sustained-release_tablets_.docx","copied","pass","Manifest entry has matching file."
"manifest_entry_exists","example_data/example_markdown_outputs/gemini/formulation_optimization/methylene_blue_sustained_release_tablet_optimization_analysis_md.docx","copied","pass","Manifest entry has matching file."
"manifest_entry_exists","example_data/example_markdown_outputs/gemini/formulation_optimization/optimization_of_methylene_blue_sustained-release_tablets.docx","copied","pass","Manifest entry has matching file."
"manifest_entry_exists","example_data/example_markdown_outputs/skills/gliclazide/gliclazide_formulation_disintegration_analysis.doc","copied","pass","Manifest entry has matching file."
"manifest_entry_exists","example_data/example_markdown_outputs/skills/gliclazide/gliclazide_hpmc_disintegration_analysis_and_optimization.doc","copied","pass","Manifest entry has matching file."
"manifest_entry_exists","example_data/example_markdown_outputs/skills/gliclazide/gliclazide_hpmc_ratio_disintegration_and_release_analysis.doc","copied","pass","Manifest entry has matching file."
"manifest_entry_exists","example_data/example_markdown_outputs/skills/methylene_blue/methylene_blue_sustained_release_tablet_disintegration_analysis.doc","copied","pass","Manifest entry has matching file."
"manifest_entry_exists","example_data/example_markdown_outputs/skills/methylene_blue/methylene_blue_sustained-release_tablet_disintegration_analysis.doc","copied","pass","Manifest entry has matching file."
"manifest_entry_exists","example_data/example_markdown_outputs/skills/methylene_blue/methylene_blue_sustained-release_tablet_disintegration_analysis_and_optimization.doc","copied","pass","Manifest entry has matching file."
"manifest_entry_exists","example_data/README.md","generated","pass","Manifest entry has matching file."
"manifest_entry_exists","knowledge_base/markdown_conversion_workflow.md","generated","pass","Manifest entry has matching file."
"manifest_entry_exists","knowledge_base/markdown_conversion_workflow_10.md","copied","pass","Manifest entry has matching file."
"manifest_entry_exists","knowledge_base/markdown_conversion_workflow_11.md","copied","pass","Manifest entry has matching file."
"manifest_entry_exists","knowledge_base/markdown_conversion_workflow_12.md","copied","pass","Manifest entry has matching file."
"manifest_entry_exists","knowledge_base/markdown_conversion_workflow_31.md","copied","pass","Manifest entry has matching file."
"manifest_entry_exists","knowledge_base/markdown_conversion_workflow_32.md","copied","pass","Manifest entry has matching file."
"manifest_entry_exists","knowledge_base/markdown_conversion_workflow_4.md","copied","pass","Manifest entry has matching file."
"manifest_entry_exists","knowledge_base/markdown_conversion_workflow_5.md","copied","pass","Manifest entry has matching file."
"manifest_entry_exists","knowledge_base/markdown_conversion_workflow_6.md","copied","pass","Manifest entry has matching file."
"manifest_entry_exists","knowledge_base/markdown_conversion_workflow_7.md","copied","pass","Manifest entry has matching file."
"manifest_entry_exists","knowledge_base/markdown_conversion_workflow_8.md","copied","pass","Manifest entry has matching file."
"manifest_entry_exists","knowledge_base/markdown_conversion_workflow_9.md","copied","pass","Manifest entry has matching file."
"manifest_entry_exists","knowledge_base/openalex_query_and_filters.md","copied","pass","Manifest entry has matching file."
"manifest_entry_exists","knowledge_base/openalex_query_and_filters_2.md","copied","pass","Manifest entry has matching file."
"manifest_entry_exists","knowledge_base/openfda_field_mapping.md","generated","pass","Manifest entry has matching file."
"manifest_entry_exists","knowledge_base/README.md","generated","pass","Manifest entry has matching file."
"manifest_entry_exists","LICENSE","generated","pass","Manifest entry has matching file."
"manifest_entry_exists","manifest_integrity_check.csv","generated","pass","Manifest entry has matching file."
"manifest_entry_exists","missing_expected_files.csv","generated","pass","Manifest entry has matching file."
"manifest_entry_exists","processed_data/blank_formulation_projected_area.csv","copied","pass","Manifest entry has matching file."
"manifest_entry_exists","processed_data/blank_formulation_projected_area_10.csv","copied","pass","Manifest entry has matching file."
"manifest_entry_exists","processed_data/blank_formulation_projected_area_11.csv","copied","pass","Manifest entry has matching file."
"manifest_entry_exists","processed_data/blank_formulation_projected_area_12.csv","copied","pass","Manifest entry has matching file."
"manifest_entry_exists","processed_data/blank_formulation_projected_area_13.csv","copied","pass","Manifest entry has matching file."
"manifest_entry_exists","processed_data/blank_formulation_projected_area_14.csv","copied","pass","Manifest entry has matching file."
"manifest_entry_exists","processed_data/blank_formulation_projected_area_15.csv","copied","pass","Manifest entry has matching file."
"manifest_entry_exists","processed_data/blank_formulation_projected_area_16.csv","copied","pass","Manifest entry has matching file."
"manifest_entry_exists","processed_data/blank_formulation_projected_area_17.csv","copied","pass","Manifest entry has matching file."
"manifest_entry_exists","processed_data/blank_formulation_projected_area_18.csv","copied","pass","Manifest entry has matching file."
"manifest_entry_exists","processed_data/blank_formulation_projected_area_19.csv","copied","pass","Manifest entry has matching file."
"manifest_entry_exists","processed_data/blank_formulation_projected_area_2.csv","copied","pass","Manifest entry has matching file."
"manifest_entry_exists","processed_data/blank_formulation_projected_area_20.csv","copied","pass","Manifest entry has matching file."
"manifest_entry_exists","processed_data/blank_formulation_projected_area_21.csv","copied","pass","Manifest entry has matching file."
"manifest_entry_exists","processed_data/blank_formulation_projected_area_22.csv","copied","pass","Manifest entry has matching file."
"manifest_entry_exists","processed_data/blank_formulation_projected_area_23.csv","copied","pass","Manifest entry has matching file."
"manifest_entry_exists","processed_data/blank_formulation_projected_area_24.csv","copied","pass","Manifest entry has matching file."
"manifest_entry_exists","processed_data/blank_formulation_projected_area_25.csv","copied","pass","Manifest entry has matching file."
"manifest_entry_exists","processed_data/blank_formulation_projected_area_26.csv","copied","pass","Manifest entry has matching file."
"manifest_entry_exists","processed_data/blank_formulation_projected_area_27.csv","copied","pass","Manifest entry has matching file."
"manifest_entry_exists","processed_data/blank_formulation_projected_area_28.csv","copied","pass","Manifest entry has matching file."
"manifest_entry_exists","processed_data/blank_formulation_projected_area_29.csv","copied","pass","Manifest entry has matching file."
"manifest_entry_exists","processed_data/blank_formulation_projected_area_3.csv","copied","pass","Manifest entry has matching file."
"manifest_entry_exists","processed_data/blank_formulation_projected_area_30.csv","copied","pass","Manifest entry has matching file."
"manifest_entry_exists","processed_data/blank_formulation_projected_area_31.csv","copied","pass","Manifest entry has matching file."
"manifest_entry_exists","processed_data/blank_formulation_projected_area_32.csv","copied","pass","Manifest entry has matching file."
"manifest_entry_exists","processed_data/blank_formulation_projected_area_33.csv","copied","pass","Manifest entry has matching file."
"manifest_entry_exists","processed_data/blank_formulation_projected_area_34.csv","copied","pass","Manifest entry has matching file."
"manifest_entry_exists","processed_data/blank_formulation_projected_area_35.csv","copied","pass","Manifest entry has matching file."
"manifest_entry_exists","processed_data/blank_formulation_projected_area_36.csv","copied","pass","Manifest entry has matching file."
"manifest_entry_exists","processed_data/blank_formulation_projected_area_37.csv","copied","pass","Manifest entry has matching file."
"manifest_entry_exists","processed_data/blank_formulation_projected_area_38.csv","copied","pass","Manifest entry has matching file."
"manifest_entry_exists","processed_data/blank_formulation_projected_area_39.csv","copied","pass","Manifest entry has matching file."
"manifest_entry_exists","processed_data/blank_formulation_projected_area_4.csv","copied","pass","Manifest entry has matching file."
"manifest_entry_exists","processed_data/blank_formulation_projected_area_40.csv","copied","pass","Manifest entry has matching file."
"manifest_entry_exists","processed_data/blank_formulation_projected_area_41.csv","copied","pass","Manifest entry has matching file."
"manifest_entry_exists","processed_data/blank_formulation_projected_area_42.csv","copied","pass","Manifest entry has matching file."
"manifest_entry_exists","processed_data/blank_formulation_projected_area_43.csv","copied","pass","Manifest entry has matching file."
"manifest_entry_exists","processed_data/blank_formulation_projected_area_44.csv","copied","pass","Manifest entry has matching file."
"manifest_entry_exists","processed_data/blank_formulation_projected_area_5.csv","copied","pass","Manifest entry has matching file."
"manifest_entry_exists","processed_data/blank_formulation_projected_area_6.csv","copied","pass","Manifest entry has matching file."
"manifest_entry_exists","processed_data/blank_formulation_projected_area_7.csv","copied","pass","Manifest entry has matching file."
"manifest_entry_exists","processed_data/blank_formulation_projected_area_8.csv","copied","pass","Manifest entry has matching file."
"manifest_entry_exists","processed_data/blank_formulation_projected_area_9.csv","copied","pass","Manifest entry has matching file."
"manifest_entry_exists","processed_data/fig3_model_metrics.csv","copied","pass","Manifest entry has matching file."
"manifest_entry_exists","processed_data/fig3_model_metrics_10.csv","copied","pass","Manifest entry has matching file."
"manifest_entry_exists","processed_data/fig3_model_metrics_11.csv","copied","pass","Manifest entry has matching file."
"manifest_entry_exists","processed_data/fig3_model_metrics_12.csv","copied","pass","Manifest entry has matching file."
"manifest_entry_exists","processed_data/fig3_model_metrics_13.csv","copied","pass","Manifest entry has matching file."
"manifest_entry_exists","processed_data/fig3_model_metrics_2.csv","copied","pass","Manifest entry has matching file."
"manifest_entry_exists","processed_data/fig3_model_metrics_3.csv","copied","pass","Manifest entry has matching file."
"manifest_entry_exists","processed_data/fig3_model_metrics_4.csv","copied","pass","Manifest entry has matching file."
"manifest_entry_exists","processed_data/fig3_model_metrics_5.csv","copied","pass","Manifest entry has matching file."
"manifest_entry_exists","processed_data/fig3_model_metrics_6.csv","copied","pass","Manifest entry has matching file."
"manifest_entry_exists","processed_data/fig3_model_metrics_7.csv","copied","pass","Manifest entry has matching file."
"manifest_entry_exists","processed_data/fig3_model_metrics_8.csv","copied","pass","Manifest entry has matching file."
"manifest_entry_exists","processed_data/fig3_model_metrics_9.csv","copied","pass","Manifest entry has matching file."
"manifest_entry_exists","processed_data/fig5_uv_relative_release.csv","copied","pass","Manifest entry has matching file."
"manifest_entry_exists","processed_data/fig5_uv_relative_release_10.csv","copied","pass","Manifest entry has matching file."
"manifest_entry_exists","processed_data/fig5_uv_relative_release_11.csv","copied","pass","Manifest entry has matching file."
"manifest_entry_exists","processed_data/fig5_uv_relative_release_12.csv","copied","pass","Manifest entry has matching file."
"manifest_entry_exists","processed_data/fig5_uv_relative_release_13.csv","copied","pass","Manifest entry has matching file."
"manifest_entry_exists","processed_data/fig5_uv_relative_release_14.csv","copied","pass","Manifest entry has matching file."
"manifest_entry_exists","processed_data/fig5_uv_relative_release_15.csv","copied","pass","Manifest entry has matching file."
"manifest_entry_exists","processed_data/fig5_uv_relative_release_16.csv","copied","pass","Manifest entry has matching file."
"manifest_entry_exists","processed_data/fig5_uv_relative_release_17.csv","copied","pass","Manifest entry has matching file."
"manifest_entry_exists","processed_data/fig5_uv_relative_release_18.csv","copied","pass","Manifest entry has matching file."
"manifest_entry_exists","processed_data/fig5_uv_relative_release_19.csv","copied","pass","Manifest entry has matching file."
"manifest_entry_exists","processed_data/fig5_uv_relative_release_2.csv","copied","pass","Manifest entry has matching file."
"manifest_entry_exists","processed_data/fig5_uv_relative_release_20.csv","copied","pass","Manifest entry has matching file."
"manifest_entry_exists","processed_data/fig5_uv_relative_release_21.csv","copied","pass","Manifest entry has matching file."
"manifest_entry_exists","processed_data/fig5_uv_relative_release_22.csv","copied","pass","Manifest entry has matching file."
"manifest_entry_exists","processed_data/fig5_uv_relative_release_23.csv","copied","pass","Manifest entry has matching file."
"manifest_entry_exists","processed_data/fig5_uv_relative_release_24.csv","copied","pass","Manifest entry has matching file."
"manifest_entry_exists","processed_data/fig5_uv_relative_release_25.csv","copied","pass","Manifest entry has matching file."
"manifest_entry_exists","processed_data/fig5_uv_relative_release_26.csv","copied","pass","Manifest entry has matching file."
"manifest_entry_exists","processed_data/fig5_uv_relative_release_27.csv","copied","pass","Manifest entry has matching file."
"manifest_entry_exists","processed_data/fig5_uv_relative_release_28.csv","copied","pass","Manifest entry has matching file."
"manifest_entry_exists","processed_data/fig5_uv_relative_release_29.csv","copied","pass","Manifest entry has matching file."
"manifest_entry_exists","processed_data/fig5_uv_relative_release_3.csv","copied","pass","Manifest entry has matching file."
"manifest_entry_exists","processed_data/fig5_uv_relative_release_30.csv","copied","pass","Manifest entry has matching file."
"manifest_entry_exists","processed_data/fig5_uv_relative_release_31.csv","copied","pass","Manifest entry has matching file."
"manifest_entry_exists","processed_data/fig5_uv_relative_release_32.csv","copied","pass","Manifest entry has matching file."
"manifest_entry_exists","processed_data/fig5_uv_relative_release_4.csv","copied","pass","Manifest entry has matching file."
"manifest_entry_exists","processed_data/fig5_uv_relative_release_5.csv","copied","pass","Manifest entry has matching file."
"manifest_entry_exists","processed_data/fig5_uv_relative_release_6.csv","copied","pass","Manifest entry has matching file."
"manifest_entry_exists","processed_data/fig5_uv_relative_release_7.csv","copied","pass","Manifest entry has matching file."
"manifest_entry_exists","processed_data/fig5_uv_relative_release_8.csv","copied","pass","Manifest entry has matching file."
"manifest_entry_exists","processed_data/fig5_uv_relative_release_9.csv","copied","pass","Manifest entry has matching file."
"manifest_entry_exists","processed_data/fig5b_auc_file_level.csv","copied","pass","Manifest entry has matching file."
"manifest_entry_exists","processed_data/fig5b_auc_measurement_level.csv","copied","pass","Manifest entry has matching file."
"manifest_entry_exists","processed_data/fig5b_interval_fraction_checked.pdf","copied","pass","Manifest entry has matching file."
"manifest_entry_exists","processed_data/fig5b_interval_fraction_checked.png","copied","pass","Manifest entry has matching file."
"manifest_entry_exists","processed_data/fig5b_interval_fraction_checked.svg","copied","pass","Manifest entry has matching file."
"manifest_entry_exists","processed_data/fig5b_interval_fraction_checked_2.png","copied","pass","Manifest entry has matching file."
"manifest_entry_exists","processed_data/fig5b_interval_fraction_checked_2.svg","copied","pass","Manifest entry has matching file."
"manifest_entry_exists","processed_data/fig5b_interval_fraction_corrected.pdf","copied","pass","Manifest entry has matching file."
"manifest_entry_exists","processed_data/fig5b_interval_fraction_corrected.png","copied","pass","Manifest entry has matching file."
"manifest_entry_exists","processed_data/fig5b_interval_fraction_corrected.svg","copied","pass","Manifest entry has matching file."
"manifest_entry_exists","processed_data/fig5b_interval_fraction_corrected_file_level.csv","copied","pass","Manifest entry has matching file."
"manifest_entry_exists","processed_data/fig5b_interval_fraction_corrected_summary.csv","copied","pass","Manifest entry has matching file."
"manifest_entry_exists","processed_data/fig5b_interval_fraction_file_sums.csv","copied","pass","Manifest entry has matching file."
"manifest_entry_exists","processed_data/fig5b_interval_fraction_group_sums.csv","copied","pass","Manifest entry has matching file."
"manifest_entry_exists","processed_data/fig5b_interval_fraction_plotting_table_checked.csv","copied","pass","Manifest entry has matching file."
"manifest_entry_exists","processed_data/fig5b_revised_color_assignments.csv","copied","pass","Manifest entry has matching file."
"manifest_entry_exists","processed_data/fig5b_technical_measurement_summary.csv","copied","pass","Manifest entry has matching file."
"manifest_entry_exists","processed_data/fig5b_timecourse_file_level_curves.csv","copied","pass","Manifest entry has matching file."
"manifest_entry_exists","processed_data/fig5b_timecourse_interval_fraction_file_level.csv","copied","pass","Manifest entry has matching file."
"manifest_entry_exists","processed_data/fig5b_timecourse_interval_fraction_revised.pdf","copied","pass","Manifest entry has matching file."
"manifest_entry_exists","processed_data/fig5b_timecourse_interval_fraction_revised.png","copied","pass","Manifest entry has matching file."
"manifest_entry_exists","processed_data/fig5b_timecourse_interval_fraction_revised.svg","copied","pass","Manifest entry has matching file."
"manifest_entry_exists","processed_data/fig5b_timecourse_interval_fraction_summary.csv","copied","pass","Manifest entry has matching file."
"manifest_entry_exists","processed_data/fig5b_timecourse_normalized_main.pdf","copied","pass","Manifest entry has matching file."
"manifest_entry_exists","processed_data/fig5b_timecourse_normalized_main.png","copied","pass","Manifest entry has matching file."
"manifest_entry_exists","processed_data/fig5b_timecourse_normalized_main.svg","copied","pass","Manifest entry has matching file."
"manifest_entry_exists","processed_data/fig5b_timecourse_normalized_main_summary.csv","copied","pass","Manifest entry has matching file."
"manifest_entry_exists","processed_data/fig5b_timecourse_summary.csv","copied","pass","Manifest entry has matching file."
"manifest_entry_exists","processed_data/fig5b_timecourse_summary_0to8h_revised.csv","copied","pass","Manifest entry has matching file."
"manifest_entry_exists","processed_data/fig5b_timecourse_summary_revised.csv","copied","pass","Manifest entry has matching file."
"manifest_entry_exists","processed_data/mygo_recommendation_records.csv","copied","pass","Manifest entry has matching file."
"manifest_entry_exists","processed_data/mygo_recommendation_records_10.csv","copied","pass","Manifest entry has matching file."
"manifest_entry_exists","processed_data/mygo_recommendation_records_11.csv","copied","pass","Manifest entry has matching file."
"manifest_entry_exists","processed_data/mygo_recommendation_records_12.csv","copied","pass","Manifest entry has matching file."
"manifest_entry_exists","processed_data/mygo_recommendation_records_13.csv","copied","pass","Manifest entry has matching file."
"manifest_entry_exists","processed_data/mygo_recommendation_records_14.csv","copied","pass","Manifest entry has matching file."
"manifest_entry_exists","processed_data/mygo_recommendation_records_15.csv","copied","pass","Manifest entry has matching file."
"manifest_entry_exists","processed_data/mygo_recommendation_records_16.csv","copied","pass","Manifest entry has matching file."
"manifest_entry_exists","processed_data/mygo_recommendation_records_17.csv","copied","pass","Manifest entry has matching file."
"manifest_entry_exists","processed_data/mygo_recommendation_records_18.csv","copied","pass","Manifest entry has matching file."
"manifest_entry_exists","processed_data/mygo_recommendation_records_19.csv","copied","pass","Manifest entry has matching file."
"manifest_entry_exists","processed_data/mygo_recommendation_records_2.csv","copied","pass","Manifest entry has matching file."
"manifest_entry_exists","processed_data/mygo_recommendation_records_20.csv","copied","pass","Manifest entry has matching file."
"manifest_entry_exists","processed_data/mygo_recommendation_records_21.csv","copied","pass","Manifest entry has matching file."
"manifest_entry_exists","processed_data/mygo_recommendation_records_22.csv","copied","pass","Manifest entry has matching file."
"manifest_entry_exists","processed_data/mygo_recommendation_records_23.csv","copied","pass","Manifest entry has matching file."
"manifest_entry_exists","processed_data/mygo_recommendation_records_24.csv","copied","pass","Manifest entry has matching file."
"manifest_entry_exists","processed_data/mygo_recommendation_records_25.csv","copied","pass","Manifest entry has matching file."
"manifest_entry_exists","processed_data/mygo_recommendation_records_26.csv","copied","pass","Manifest entry has matching file."
"manifest_entry_exists","processed_data/mygo_recommendation_records_27.csv","copied","pass","Manifest entry has matching file."
"manifest_entry_exists","processed_data/mygo_recommendation_records_28.csv","copied","pass","Manifest entry has matching file."
"manifest_entry_exists","processed_data/mygo_recommendation_records_29.csv","copied","pass","Manifest entry has matching file."
"manifest_entry_exists","processed_data/mygo_recommendation_records_3.csv","copied","pass","Manifest entry has matching file."
"manifest_entry_exists","processed_data/mygo_recommendation_records_30.csv","copied","pass","Manifest entry has matching file."
"manifest_entry_exists","processed_data/mygo_recommendation_records_31.csv","copied","pass","Manifest entry has matching file."
"manifest_entry_exists","processed_data/mygo_recommendation_records_32.csv","copied","pass","Manifest entry has matching file."
"manifest_entry_exists","processed_data/mygo_recommendation_records_33.csv","copied","pass","Manifest entry has matching file."
"manifest_entry_exists","processed_data/mygo_recommendation_records_34.csv","copied","pass","Manifest entry has matching file."
"manifest_entry_exists","processed_data/mygo_recommendation_records_35.csv","copied","pass","Manifest entry has matching file."
"manifest_entry_exists","processed_data/mygo_recommendation_records_36.csv","copied","pass","Manifest entry has matching file."
"manifest_entry_exists","processed_data/mygo_recommendation_records_37.csv","copied","pass","Manifest entry has matching file."
"manifest_entry_exists","processed_data/mygo_recommendation_records_38.csv","copied","pass","Manifest entry has matching file."
"manifest_entry_exists","processed_data/mygo_recommendation_records_39.csv","copied","pass","Manifest entry has matching file."
"manifest_entry_exists","processed_data/mygo_recommendation_records_4.csv","copied","pass","Manifest entry has matching file."
"manifest_entry_exists","processed_data/mygo_recommendation_records_40.csv","copied","pass","Manifest entry has matching file."
"manifest_entry_exists","processed_data/mygo_recommendation_records_41.csv","copied","pass","Manifest entry has matching file."
"manifest_entry_exists","processed_data/mygo_recommendation_records_42.csv","copied","pass","Manifest entry has matching file."
"manifest_entry_exists","processed_data/mygo_recommendation_records_43.csv","copied","pass","Manifest entry has matching file."
"manifest_entry_exists","processed_data/mygo_recommendation_records_44.csv","copied","pass","Manifest entry has matching file."
"manifest_entry_exists","processed_data/mygo_recommendation_records_45.csv","copied","pass","Manifest entry has matching file."
"manifest_entry_exists","processed_data/mygo_recommendation_records_46.csv","copied","pass","Manifest entry has matching file."
"manifest_entry_exists","processed_data/mygo_recommendation_records_47.csv","copied","pass","Manifest entry has matching file."
"manifest_entry_exists","processed_data/mygo_recommendation_records_48.csv","copied","pass","Manifest entry has matching file."
"manifest_entry_exists","processed_data/mygo_recommendation_records_49.csv","copied","pass","Manifest entry has matching file."
"manifest_entry_exists","processed_data/mygo_recommendation_records_5.csv","copied","pass","Manifest entry has matching file."
"manifest_entry_exists","processed_data/mygo_recommendation_records_50.csv","copied","pass","Manifest entry has matching file."
"manifest_entry_exists","processed_data/mygo_recommendation_records_51.csv","copied","pass","Manifest entry has matching file."
"manifest_entry_exists","processed_data/mygo_recommendation_records_52.csv","copied","pass","Manifest entry has matching file."
"manifest_entry_exists","processed_data/mygo_recommendation_records_6.csv","copied","pass","Manifest entry has matching file."
"manifest_entry_exists","processed_data/mygo_recommendation_records_7.csv","copied","pass","Manifest entry has matching file."
"manifest_entry_exists","processed_data/mygo_recommendation_records_8.csv","copied","pass","Manifest entry has matching file."
"manifest_entry_exists","processed_data/mygo_recommendation_records_9.csv","copied","pass","Manifest entry has matching file."
"manifest_entry_exists","processed_data/README.md","generated","pass","Manifest entry has matching file."
"manifest_entry_exists","prompts/DIS/background_prompt.txt","copied","pass","Manifest entry has matching file."
"manifest_entry_exists","prompts/DIS/compare_prompt.txt","copied","pass","Manifest entry has matching file."
"manifest_entry_exists","prompts/DIS/compare_prompt_2.txt","copied","pass","Manifest entry has matching file."
"manifest_entry_exists","prompts/DIS/fig-3_prompts.ai","copied","pass","Manifest entry has matching file."
"manifest_entry_exists","prompts/DIS/image_analysis_prompt.txt","copied","pass","Manifest entry has matching file."
"manifest_entry_exists","prompts/DIS/mechanism_prompt.txt","copied","pass","Manifest entry has matching file."
"manifest_entry_exists","prompts/DIS/mechanism_prompt_2.txt","copied","pass","Manifest entry has matching file."
"manifest_entry_exists","prompts/DIS/prompts1.txt","copied","pass","Manifest entry has matching file."
"manifest_entry_exists","prompts/DIS/prompts1_-gemini.txt","copied","pass","Manifest entry has matching file."
"manifest_entry_exists","prompts/DIS/prompts2.txt","copied","pass","Manifest entry has matching file."
"manifest_entry_exists","prompts/DIS/prompts3.txt","copied","pass","Manifest entry has matching file."
"manifest_entry_exists","prompts/MYGO/methylene_blue_rana_prompt.txt","copied","pass","Manifest entry has matching file."
"manifest_entry_exists","prompts/MYGO/methylene_blue_soyo_prompt.txt","copied","pass","Manifest entry has matching file."
"manifest_entry_exists","prompts/MYGO/prompts1.txt","copied","pass","Manifest entry has matching file."
"manifest_entry_exists","prompts/MYGO/prompts1_-gemini.txt","copied","pass","Manifest entry has matching file."
"manifest_entry_exists","prompts/MYGO/prompts2.txt","copied","pass","Manifest entry has matching file."
"manifest_entry_exists","prompts/MYGO/prompts3.txt","copied","pass","Manifest entry has matching file."
"manifest_entry_exists","prompts/README.md","generated","pass","Manifest entry has matching file."
"manifest_entry_exists","README.md","generated","pass","Manifest entry has matching file."
"manifest_entry_exists","repository_audit_report.md","generated","pass","Manifest entry has matching file."
"manifest_entry_exists","repository_curation_review.md","generated","pass","Manifest entry has matching file."
"manifest_entry_exists","repository_manifest.csv","generated","pass","Manifest entry has matching file."
"manifest_entry_exists","requirements.txt","generated","pass","Manifest entry has matching file."
"manifest_entry_exists","scripts/constants.py","copied","pass","Manifest entry has matching file."
"manifest_entry_exists","scripts/extract_blank_projected_area.py","copied","pass","Manifest entry has matching file."
"manifest_entry_exists","scripts/extract_blank_projected_area_2.py","copied","pass","Manifest entry has matching file."
"manifest_entry_exists","scripts/extract_blank_projected_area_3.py","copied","pass","Manifest entry has matching file."
"manifest_entry_exists","scripts/extract_figure.py","copied","pass","Manifest entry has matching file."
"manifest_entry_exists","scripts/figures_year_.enriched.jsonl.py","copied","pass","Manifest entry has matching file."
"manifest_entry_exists","scripts/init_.py","copied","pass","Manifest entry has matching file."
"manifest_entry_exists","scripts/io.py","copied","pass","Manifest entry has matching file."
"manifest_entry_exists","scripts/patch_chatflow_retries.py","copied","pass","Manifest entry has matching file."
"manifest_entry_exists","scripts/plot_fig3_model_metrics.py","copied","pass","Manifest entry has matching file."
"manifest_entry_exists","scripts/plot_fig3_model_metrics_2.py","copied","pass","Manifest entry has matching file."
"manifest_entry_exists","scripts/plotting.py","copied","pass","Manifest entry has matching file."
"manifest_entry_exists","scripts/process_uv_release.py","copied","pass","Manifest entry has matching file."
"manifest_entry_exists","scripts/process_uv_release_2.py","copied","pass","Manifest entry has matching file."
"manifest_entry_exists","scripts/process_uv_release_3.py","copied","pass","Manifest entry has matching file."
"manifest_entry_exists","scripts/README.md","generated","pass","Manifest entry has matching file."
"manifest_entry_exists","scripts/restore_original_chatflow_retries.py","copied","pass","Manifest entry has matching file."
"manifest_entry_exists","scripts/run_all.py","copied","pass","Manifest entry has matching file."
"manifest_entry_exists","scripts/run_dis_chatflow_batch.py","copied","pass","Manifest entry has matching file."
"manifest_entry_exists","scripts/run_dpsk_ocr_batch.py","copied","pass","Manifest entry has matching file."
"manifest_entry_exists","scripts/run_dpsk_ocr_eval_batch.py","copied","pass","Manifest entry has matching file."
"manifest_entry_exists","scripts/stats.py","copied","pass","Manifest entry has matching file."
"manifest_entry_exists","scripts/style.py","copied","pass","Manifest entry has matching file."
"manifest_entry_exists","skills/ANON/SKILL.md","copied","pass","Manifest entry has matching file."
"manifest_entry_exists","skills/model_output_batch_analyzer/agents/openai.yaml","copied","pass","Manifest entry has matching file."
"manifest_entry_exists","skills/model_output_batch_analyzer/BERT_SCORE_BY_MODEL.svg","copied","pass","Manifest entry has matching file."
"manifest_entry_exists","skills/model_output_batch_analyzer/BERT_SCORE_BY_MODEL_2.svg","copied","pass","Manifest entry has matching file."
"manifest_entry_exists","skills/model_output_batch_analyzer/BERT_SCORE_STATS.csv","copied","pass","Manifest entry has matching file."
"manifest_entry_exists","skills/model_output_batch_analyzer/BERT_SCORE_STATS_2.csv","copied","pass","Manifest entry has matching file."
"manifest_entry_exists","skills/model_output_batch_analyzer/DIFFERENT_CASES.csv","copied","pass","Manifest entry has matching file."
"manifest_entry_exists","skills/model_output_batch_analyzer/DIMENSION_COVERAGE_BY_MODEL.svg","copied","pass","Manifest entry has matching file."
"manifest_entry_exists","skills/model_output_batch_analyzer/DIMENSION_COVERAGE_BY_MODEL_2.svg","copied","pass","Manifest entry has matching file."
"manifest_entry_exists","skills/model_output_batch_analyzer/DIMENSION_COVERAGE_BY_MODEL_3.svg","copied","pass","Manifest entry has matching file."
"manifest_entry_exists","skills/model_output_batch_analyzer/DIMENSION_COVERAGE_BY_MODEL_4.svg","copied","pass","Manifest entry has matching file."
"manifest_entry_exists","skills/model_output_batch_analyzer/DIMENSION_COVERAGE_BY_MODEL_5.svg","copied","pass","Manifest entry has matching file."
"manifest_entry_exists","skills/model_output_batch_analyzer/DIMENSION_COVERAGE_BY_MODEL_6.svg","copied","pass","Manifest entry has matching file."
"manifest_entry_exists","skills/model_output_batch_analyzer/DRUG_PH_VERDICT_STATS.csv","copied","pass","Manifest entry has matching file."
"manifest_entry_exists","skills/model_output_batch_analyzer/DRUG_PH_VERDICT_STATS_2.csv","copied","pass","Manifest entry has matching file."
"manifest_entry_exists","skills/model_output_batch_analyzer/DRUG_PH_VERDICT_STATS_3.csv","copied","pass","Manifest entry has matching file."
"manifest_entry_exists","skills/model_output_batch_analyzer/DRUG_PH_VERDICT_STATS_4.csv","copied","pass","Manifest entry has matching file."
"manifest_entry_exists","skills/model_output_batch_analyzer/DRUG_PH_VERDICT_STATS_5.csv","copied","pass","Manifest entry has matching file."
"manifest_entry_exists","skills/model_output_batch_analyzer/DRUG_PH_VERDICT_STATS_6.csv","copied","pass","Manifest entry has matching file."
"manifest_entry_exists","skills/model_output_batch_analyzer/DRUG_PH_VERDICT_STATS_7.csv","copied","pass","Manifest entry has matching file."
"manifest_entry_exists","skills/model_output_batch_analyzer/DRUG_PH_VERDICT_STATS_8.csv","copied","pass","Manifest entry has matching file."
"manifest_entry_exists","skills/model_output_batch_analyzer/DRUG_PH_VERDICT_STATS_9.csv","copied","pass","Manifest entry has matching file."
"manifest_entry_exists","skills/model_output_batch_analyzer/FILE_LEVEL_INDEX.csv","copied","pass","Manifest entry has matching file."
"manifest_entry_exists","skills/model_output_batch_analyzer/FILE_LEVEL_INDEX_10.csv","copied","pass","Manifest entry has matching file."
"manifest_entry_exists","skills/model_output_batch_analyzer/FILE_LEVEL_INDEX_2.csv","copied","pass","Manifest entry has matching file."
"manifest_entry_exists","skills/model_output_batch_analyzer/FILE_LEVEL_INDEX_3.csv","copied","pass","Manifest entry has matching file."
"manifest_entry_exists","skills/model_output_batch_analyzer/FILE_LEVEL_INDEX_4.csv","copied","pass","Manifest entry has matching file."
"manifest_entry_exists","skills/model_output_batch_analyzer/FILE_LEVEL_INDEX_5.csv","copied","pass","Manifest entry has matching file."
"manifest_entry_exists","skills/model_output_batch_analyzer/FILE_LEVEL_INDEX_6.csv","copied","pass","Manifest entry has matching file."
"manifest_entry_exists","skills/model_output_batch_analyzer/FILE_LEVEL_INDEX_7.csv","copied","pass","Manifest entry has matching file."
"manifest_entry_exists","skills/model_output_batch_analyzer/FILE_LEVEL_INDEX_8.csv","copied","pass","Manifest entry has matching file."
"manifest_entry_exists","skills/model_output_batch_analyzer/FILE_LEVEL_INDEX_9.csv","copied","pass","Manifest entry has matching file."
"manifest_entry_exists","skills/model_output_batch_analyzer/LABEL_TRANSLATION_MAP.csv","copied","pass","Manifest entry has matching file."
"manifest_entry_exists","skills/model_output_batch_analyzer/LABEL_TRANSLATION_MAP_2.csv","copied","pass","Manifest entry has matching file."
"manifest_entry_exists","skills/model_output_batch_analyzer/MANUFACTURER_CROSS_MODEL_VERDICT_MATRIX.csv","copied","pass","Manifest entry has matching file."
"manifest_entry_exists","skills/model_output_batch_analyzer/MANUFACTURER_OVERALL_VERDICT_SUMMARY.csv","copied","pass","Manifest entry has matching file."
"manifest_entry_exists","skills/model_output_batch_analyzer/MANUFACTURER_VERDICT_BREAKDOWN.csv","copied","pass","Manifest entry has matching file."
"manifest_entry_exists","skills/model_output_batch_analyzer/MODEL_COMPARISON.csv","copied","pass","Manifest entry has matching file."
"manifest_entry_exists","skills/model_output_batch_analyzer/MODEL_COMPARISON_10.csv","copied","pass","Manifest entry has matching file."
"manifest_entry_exists","skills/model_output_batch_analyzer/MODEL_COMPARISON_2.csv","copied","pass","Manifest entry has matching file."
"manifest_entry_exists","skills/model_output_batch_analyzer/MODEL_COMPARISON_3.csv","copied","pass","Manifest entry has matching file."
"manifest_entry_exists","skills/model_output_batch_analyzer/MODEL_COMPARISON_4.csv","copied","pass","Manifest entry has matching file."
"manifest_entry_exists","skills/model_output_batch_analyzer/MODEL_COMPARISON_5.csv","copied","pass","Manifest entry has matching file."
"manifest_entry_exists","skills/model_output_batch_analyzer/MODEL_COMPARISON_6.csv","copied","pass","Manifest entry has matching file."
"manifest_entry_exists","skills/model_output_batch_analyzer/MODEL_COMPARISON_7.csv","copied","pass","Manifest entry has matching file."
"manifest_entry_exists","skills/model_output_batch_analyzer/MODEL_COMPARISON_8.csv","copied","pass","Manifest entry has matching file."
"manifest_entry_exists","skills/model_output_batch_analyzer/MODEL_COMPARISON_9.csv","copied","pass","Manifest entry has matching file."
"manifest_entry_exists","skills/model_output_batch_analyzer/MODEL_MANUFACTURER_VERDICT_SUMMARY.csv","copied","pass","Manifest entry has matching file."
"manifest_entry_exists","skills/model_output_batch_analyzer/MODEL_RANKING_SUMMARY.csv","copied","pass","Manifest entry has matching file."
"manifest_entry_exists","skills/model_output_batch_analyzer/OVERALL_REPORT.md","copied","pass","Manifest entry has matching file."
"manifest_entry_exists","skills/model_output_batch_analyzer/OVERALL_REPORT_10.md","copied","pass","Manifest entry has matching file."
"manifest_entry_exists","skills/model_output_batch_analyzer/OVERALL_REPORT_2.md","copied","pass","Manifest entry has matching file."
"manifest_entry_exists","skills/model_output_batch_analyzer/OVERALL_REPORT_3.md","copied","pass","Manifest entry has matching file."
"manifest_entry_exists","skills/model_output_batch_analyzer/OVERALL_REPORT_4.md","copied","pass","Manifest entry has matching file."
"manifest_entry_exists","skills/model_output_batch_analyzer/OVERALL_REPORT_5.md","copied","pass","Manifest entry has matching file."
"manifest_entry_exists","skills/model_output_batch_analyzer/OVERALL_REPORT_6.md","copied","pass","Manifest entry has matching file."
"manifest_entry_exists","skills/model_output_batch_analyzer/OVERALL_REPORT_7.md","copied","pass","Manifest entry has matching file."
"manifest_entry_exists","skills/model_output_batch_analyzer/OVERALL_REPORT_8.md","copied","pass","Manifest entry has matching file."
"manifest_entry_exists","skills/model_output_batch_analyzer/OVERALL_REPORT_9.md","copied","pass","Manifest entry has matching file."
"manifest_entry_exists","skills/model_output_batch_analyzer/POTENTIAL_ERROR_SUMMARY.csv","copied","pass","Manifest entry has matching file."
"manifest_entry_exists","skills/model_output_batch_analyzer/POTENTIAL_ERROR_SUMMARY_2.csv","copied","pass","Manifest entry has matching file."
"manifest_entry_exists","skills/model_output_batch_analyzer/POTENTIAL_ERROR_SUMMARY_3.csv","copied","pass","Manifest entry has matching file."
"manifest_entry_exists","skills/model_output_batch_analyzer/POTENTIAL_ERROR_SUMMARY_4.csv","copied","pass","Manifest entry has matching file."
"manifest_entry_exists","skills/model_output_batch_analyzer/POTENTIAL_ERROR_SUMMARY_5.csv","copied","pass","Manifest entry has matching file."
"manifest_entry_exists","skills/model_output_batch_analyzer/POTENTIAL_ERROR_SUMMARY_6.csv","copied","pass","Manifest entry has matching file."
"manifest_entry_exists","skills/model_output_batch_analyzer/POTENTIAL_ERROR_SUMMARY_7.csv","copied","pass","Manifest entry has matching file."
"manifest_entry_exists","skills/model_output_batch_analyzer/POTENTIAL_ERROR_SUMMARY_8.csv","copied","pass","Manifest entry has matching file."
"manifest_entry_exists","skills/model_output_batch_analyzer/POTENTIAL_ERROR_SUMMARY_9.csv","copied","pass","Manifest entry has matching file."
"manifest_entry_exists","skills/model_output_batch_analyzer/references/analysis-framework.md","copied","pass","Manifest entry has matching file."
"manifest_entry_exists","skills/model_output_batch_analyzer/references/bert-score.md","copied","pass","Manifest entry has matching file."
"manifest_entry_exists","skills/model_output_batch_analyzer/references/field-definitions.md","copied","pass","Manifest entry has matching file."
"manifest_entry_exists","skills/model_output_batch_analyzer/references/label-extraction-rules.md","copied","pass","Manifest entry has matching file."
"manifest_entry_exists","skills/model_output_batch_analyzer/REPEAT_CONSISTENCY_BY_MODEL.svg","copied","pass","Manifest entry has matching file."
"manifest_entry_exists","skills/model_output_batch_analyzer/REPEAT_CONSISTENCY_BY_MODEL_2.svg","copied","pass","Manifest entry has matching file."
"manifest_entry_exists","skills/model_output_batch_analyzer/REPEAT_CONSISTENCY_BY_MODEL_3.svg","copied","pass","Manifest entry has matching file."
"manifest_entry_exists","skills/model_output_batch_analyzer/REPEAT_CONSISTENCY_BY_MODEL_4.svg","copied","pass","Manifest entry has matching file."
"manifest_entry_exists","skills/model_output_batch_analyzer/REPEAT_CONSISTENCY_BY_MODEL_5.svg","copied","pass","Manifest entry has matching file."
"manifest_entry_exists","skills/model_output_batch_analyzer/REPEAT_CONSISTENCY_BY_MODEL_6.svg","copied","pass","Manifest entry has matching file."
"manifest_entry_exists","skills/model_output_batch_analyzer/REPLICATE_CONSISTENCY.csv","copied","pass","Manifest entry has matching file."
"manifest_entry_exists","skills/model_output_batch_analyzer/REPLICATE_CONSISTENCY_2.csv","copied","pass","Manifest entry has matching file."
"manifest_entry_exists","skills/model_output_batch_analyzer/REPLICATE_CONSISTENCY_3.csv","copied","pass","Manifest entry has matching file."
"manifest_entry_exists","skills/model_output_batch_analyzer/REPLICATE_CONSISTENCY_4.csv","copied","pass","Manifest entry has matching file."
"manifest_entry_exists","skills/model_output_batch_analyzer/REPLICATE_CONSISTENCY_5.csv","copied","pass","Manifest entry has matching file."
"manifest_entry_exists","skills/model_output_batch_analyzer/REPLICATE_CONSISTENCY_6.csv","copied","pass","Manifest entry has matching file."
"manifest_entry_exists","skills/model_output_batch_analyzer/REPLICATE_CONSISTENCY_7.csv","copied","pass","Manifest entry has matching file."
"manifest_entry_exists","skills/model_output_batch_analyzer/REPLICATE_CONSISTENCY_8.csv","copied","pass","Manifest entry has matching file."
"manifest_entry_exists","skills/model_output_batch_analyzer/REPLICATE_CONSISTENCY_9.csv","copied","pass","Manifest entry has matching file."
"manifest_entry_exists","skills/model_output_batch_analyzer/scripts/analyze_results.py","copied","pass","Manifest entry has matching file."
"manifest_entry_exists","skills/model_output_batch_analyzer/SKILL.md","copied","pass","Manifest entry has matching file."
"manifest_entry_exists","skills/model_output_batch_analyzer/SUMMARY_STATS.csv","copied","pass","Manifest entry has matching file."
"manifest_entry_exists","skills/model_output_batch_analyzer/SUMMARY_STATS_10.csv","copied","pass","Manifest entry has matching file."
"manifest_entry_exists","skills/model_output_batch_analyzer/SUMMARY_STATS_2.csv","copied","pass","Manifest entry has matching file."
"manifest_entry_exists","skills/model_output_batch_analyzer/SUMMARY_STATS_3.csv","copied","pass","Manifest entry has matching file."
"manifest_entry_exists","skills/model_output_batch_analyzer/SUMMARY_STATS_4.csv","copied","pass","Manifest entry has matching file."
"manifest_entry_exists","skills/model_output_batch_analyzer/SUMMARY_STATS_5.csv","copied","pass","Manifest entry has matching file."
"manifest_entry_exists","skills/model_output_batch_analyzer/SUMMARY_STATS_6.csv","copied","pass","Manifest entry has matching file."
"manifest_entry_exists","skills/model_output_batch_analyzer/SUMMARY_STATS_7.csv","copied","pass","Manifest entry has matching file."
"manifest_entry_exists","skills/model_output_batch_analyzer/SUMMARY_STATS_8.csv","copied","pass","Manifest entry has matching file."
"manifest_entry_exists","skills/model_output_batch_analyzer/SUMMARY_STATS_9.csv","copied","pass","Manifest entry has matching file."
"manifest_entry_exists","skills/model_output_batch_analyzer/VERDICT_STATS.csv","copied","pass","Manifest entry has matching file."
"manifest_entry_exists","skills/model_output_batch_analyzer/VERDICT_STATS_2.csv","copied","pass","Manifest entry has matching file."
"manifest_entry_exists","skills/model_output_batch_analyzer/VERDICT_STATS_3.csv","copied","pass","Manifest entry has matching file."
"manifest_entry_exists","skills/model_output_batch_analyzer/VERDICT_STATS_4.csv","copied","pass","Manifest entry has matching file."
"manifest_entry_exists","skills/model_output_batch_analyzer/VERDICT_STATS_5.csv","copied","pass","Manifest entry has matching file."
"manifest_entry_exists","skills/model_output_batch_analyzer/VERDICT_STATS_6.csv","copied","pass","Manifest entry has matching file."
"manifest_entry_exists","skills/model_output_batch_analyzer/VERDICT_STATS_7.csv","copied","pass","Manifest entry has matching file."
"manifest_entry_exists","skills/model_output_batch_analyzer/VERDICT_STATS_8.csv","copied","pass","Manifest entry has matching file."
"manifest_entry_exists","skills/model_output_batch_analyzer/VERDICT_STATS_9.csv","copied","pass","Manifest entry has matching file."
"manifest_entry_exists","skills/RANA/SKILL.md","copied","pass","Manifest entry has matching file."
"manifest_entry_exists","skills/README.md","generated","pass","Manifest entry has matching file."
"manifest_entry_exists","skills/SOYO/SKILL.md","copied","pass","Manifest entry has matching file."
"manifest_entry_exists","skills/TAKI/SKILL.md","copied","pass","Manifest entry has matching file."
"manifest_entry_exists","source_data/0417-uv-methylene_blue-standard_viscosity.xlsx","copied","pass","Manifest entry has matching file."
"manifest_entry_exists","source_data/0421-uv-methylene_blue-standard_viscosity.xlsx","copied","pass","Manifest entry has matching file."
"manifest_entry_exists","source_data/0426-uv-methylene_blue-gpts.xlsx","copied","pass","Manifest entry has matching file."
"manifest_entry_exists","source_data/0427-uv-methylene_blue-gemini.xlsx","copied","pass","Manifest entry has matching file."
"manifest_entry_exists","source_data/0428-uv-methylene_blue-qwen.xlsx","copied","pass","Manifest entry has matching file."
"manifest_entry_exists","source_data/0520-uv-methylene_blue-standard_viscosity.xlsx","copied","pass","Manifest entry has matching file."
"manifest_entry_exists","source_data/0523-uv-methylene_blue-gpts.xlsx","copied","pass","Manifest entry has matching file."
"manifest_entry_exists","source_data/0524-uv-methylene_blue-gemini.xlsx","copied","pass","Manifest entry has matching file."
"manifest_entry_exists","source_data/0524-uv-methylene_blue-gpts.xlsx","copied","pass","Manifest entry has matching file."
"manifest_entry_exists","source_data/0525-uv-methylene_blue-gemini.xlsx","copied","pass","Manifest entry has matching file."
"manifest_entry_exists","source_data/0525-uv-methylene_blue-qwen.xlsx","copied","pass","Manifest entry has matching file."
"manifest_entry_exists","source_data/0526-uv-methylene_blue-qwen.xlsx","copied","pass","Manifest entry has matching file."
"manifest_entry_exists","source_data/fig3_model_metrics.csv","copied","pass","Manifest entry has matching file."
"manifest_entry_exists","source_data/fig3_model_metrics_10.csv","copied","pass","Manifest entry has matching file."
"manifest_entry_exists","source_data/fig3_model_metrics_11.csv","copied","pass","Manifest entry has matching file."
"manifest_entry_exists","source_data/fig3_model_metrics_2.csv","copied","pass","Manifest entry has matching file."
"manifest_entry_exists","source_data/fig3_model_metrics_3.csv","copied","pass","Manifest entry has matching file."
"manifest_entry_exists","source_data/fig3_model_metrics_4.csv","copied","pass","Manifest entry has matching file."
"manifest_entry_exists","source_data/fig3_model_metrics_5.csv","copied","pass","Manifest entry has matching file."
"manifest_entry_exists","source_data/fig3_model_metrics_6.csv","copied","pass","Manifest entry has matching file."
"manifest_entry_exists","source_data/fig3_model_metrics_7.csv","copied","pass","Manifest entry has matching file."
"manifest_entry_exists","source_data/fig3_model_metrics_8.csv","copied","pass","Manifest entry has matching file."
"manifest_entry_exists","source_data/fig3_model_metrics_9.csv","copied","pass","Manifest entry has matching file."
"manifest_entry_exists","source_data/fig5_uv_absorbance.csv","copied","pass","Manifest entry has matching file."
"manifest_entry_exists","source_data/fig5_uv_absorbance_2.csv","copied","pass","Manifest entry has matching file."
"manifest_entry_exists","source_data/fig5_uv_absorbance_3.csv","copied","pass","Manifest entry has matching file."
"manifest_entry_exists","source_data/fig5_uv_absorbance_4.csv","copied","pass","Manifest entry has matching file."
"manifest_entry_exists","source_data/fig5_uv_absorbance_5.csv","copied","pass","Manifest entry has matching file."
"manifest_entry_exists","source_data/README.md","generated","pass","Manifest entry has matching file."
"manifest_entry_exists","validation_data/flowthrough_images/README.md","generated","pass","Manifest entry has matching file."
"manifest_entry_exists","validation_data/uv_absorbance_values/fig5b_release_uv_missing_values.csv","copied","pass","Manifest entry has matching file."
"manifest_entry_exists","validation_data/uv_absorbance_values/fig5b_release_uv_replicate_counts.csv","copied","pass","Manifest entry has matching file."
"manifest_entry_exists","validation_data/uv_absorbance_values/fig5b_release_uv_template.csv","copied","pass","Manifest entry has matching file."
"manifest_entry_exists","validation_data/uv_absorbance_values/fig5b_uv_qc.csv","copied","pass","Manifest entry has matching file."
"manifest_entry_exists","validation_data/uv_absorbance_values/methylene_blue_uv_absorbance.xlsx","copied","pass","Manifest entry has matching file."
"manifest_entry_exists","validation_data/uv_absorbance_values/methylene_blue_uv_absorbance_10.xlsx","copied","pass","Manifest entry has matching file."
"manifest_entry_exists","validation_data/uv_absorbance_values/methylene_blue_uv_absorbance_11.xlsx","copied","pass","Manifest entry has matching file."
"manifest_entry_exists","validation_data/uv_absorbance_values/methylene_blue_uv_absorbance_12.xlsx","copied","pass","Manifest entry has matching file."
"manifest_entry_exists","validation_data/uv_absorbance_values/methylene_blue_uv_absorbance_13.xlsx","copied","pass","Manifest entry has matching file."
"manifest_entry_exists","validation_data/uv_absorbance_values/methylene_blue_uv_absorbance_14.xlsx","copied","pass","Manifest entry has matching file."
"manifest_entry_exists","validation_data/uv_absorbance_values/methylene_blue_uv_absorbance_15.xlsx","copied","pass","Manifest entry has matching file."
"manifest_entry_exists","validation_data/uv_absorbance_values/methylene_blue_uv_absorbance_16.xlsx","copied","pass","Manifest entry has matching file."
"manifest_entry_exists","validation_data/uv_absorbance_values/methylene_blue_uv_absorbance_17.xlsx","copied","pass","Manifest entry has matching file."
"manifest_entry_exists","validation_data/uv_absorbance_values/methylene_blue_uv_absorbance_18.xlsx","copied","pass","Manifest entry has matching file."
"manifest_entry_exists","validation_data/uv_absorbance_values/methylene_blue_uv_absorbance_2.xlsx","copied","pass","Manifest entry has matching file."
"manifest_entry_exists","validation_data/uv_absorbance_values/methylene_blue_uv_absorbance_3.xlsx","copied","pass","Manifest entry has matching file."
"manifest_entry_exists","validation_data/uv_absorbance_values/methylene_blue_uv_absorbance_4.xlsx","copied","pass","Manifest entry has matching file."
"manifest_entry_exists","validation_data/uv_absorbance_values/methylene_blue_uv_absorbance_5.xlsx","copied","pass","Manifest entry has matching file."
"manifest_entry_exists","validation_data/uv_absorbance_values/methylene_blue_uv_absorbance_6.xlsx","copied","pass","Manifest entry has matching file."
"manifest_entry_exists","validation_data/uv_absorbance_values/methylene_blue_uv_absorbance_7.xlsx","copied","pass","Manifest entry has matching file."
"manifest_entry_exists","validation_data/uv_absorbance_values/methylene_blue_uv_absorbance_8.xlsx","copied","pass","Manifest entry has matching file."
"manifest_entry_exists","validation_data/uv_absorbance_values/methylene_blue_uv_absorbance_9.xlsx","copied","pass","Manifest entry has matching file."
"manifest_entry_exists","validation_data/uv_absorbance_values/README.md","generated","pass","Manifest entry has matching file."
"manifest_entry_exists","workflows/DIS_chatflow.dsl","copied","pass","Manifest entry has matching file."
"manifest_entry_exists","workflows/node_descriptions.md","generated","pass","Manifest entry has matching file."
"manifest_entry_exists","workflows/README.md","generated","pass","Manifest entry has matching file."
"manifest_entry_exists","workflows/screenshots/DIS_chatflow_workflow.png","copied","pass","Manifest entry has matching file."
"manifest_entry_exists","workflows/screenshots/TOMO_chatflow_workflow.png","copied","pass","Manifest entry has matching file."
"manifest_entry_exists","workflows/screenshots/TOMO_chatflow_workflow_2.png","copied","pass","Manifest entry has matching file."
"manifest_entry_exists","workflows/TOMO_chatflow.dsl","copied","pass","Manifest entry has matching file."
"manifest_entry_exists","validation_data/uv_absorbance_values/gliclazide_uv_absorbance_0410_standard_viscosity.xlsx","copied","pass","Manifest entry has matching file."
"manifest_entry_exists","validation_data/uv_absorbance_values/gliclazide_uv_absorbance_0411_low_viscosity.xlsx","copied","pass","Manifest entry has matching file."
"manifest_entry_exists","validation_data/uv_absorbance_values/gliclazide_uv_absorbance_0413_high_viscosity.xlsx","copied","pass","Manifest entry has matching file."
"manifest_entry_exists","validation_data/uv_absorbance_values/gliclazide_uv_absorbance_0414_standard_viscosity.xlsx","copied","pass","Manifest entry has matching file."
"manifest_entry_exists","validation_data/uv_absorbance_values/gliclazide_uv_absorbance_0415_low_viscosity.xlsx","copied","pass","Manifest entry has matching file."
"manifest_entry_exists","validation_data/uv_absorbance_values/gliclazide_uv_absorbance_0416_high_viscosity.xlsx","copied","pass","Manifest entry has matching file."
"manifest_entry_exists","validation_data/uv_absorbance_values/gliclazide_uv_absorbance_0423_gpts.xlsx","copied","pass","Manifest entry has matching file."
"manifest_entry_exists","validation_data/uv_absorbance_values/gliclazide_uv_absorbance_0424_gemini.xlsx","copied","pass","Manifest entry has matching file."
"manifest_entry_exists","validation_data/uv_absorbance_values/gliclazide_uv_absorbance_0425_qwen.xlsx","copied","pass","Manifest entry has matching file."
"manifest_entry_exists","validation_data/uv_absorbance_values/gliclazide_uv_absorbance_0507_standard_viscosity.xlsx","copied","pass","Manifest entry has matching file."
"manifest_entry_exists","validation_data/uv_absorbance_values/gliclazide_uv_absorbance_0508_low_viscosity.xlsx","copied","pass","Manifest entry has matching file."
"manifest_entry_exists","validation_data/uv_absorbance_values/gliclazide_uv_absorbance_0509_high_viscosity.xlsx","copied","pass","Manifest entry has matching file."
"manifest_entry_exists","validation_data/uv_absorbance_values/gliclazide_uv_absorbance_0510_gpts.xlsx","copied","pass","Manifest entry has matching file."
"manifest_entry_exists","validation_data/uv_absorbance_values/gliclazide_uv_absorbance_0515_gpts.xlsx","copied","pass","Manifest entry has matching file."
"manifest_entry_exists","validation_data/uv_absorbance_values/gliclazide_uv_absorbance_0516_gemini.xlsx","copied","pass","Manifest entry has matching file."
"manifest_entry_exists","validation_data/uv_absorbance_values/gliclazide_uv_absorbance_0517_gemini.xlsx","copied","pass","Manifest entry has matching file."
"manifest_entry_exists","validation_data/uv_absorbance_values/gliclazide_uv_absorbance_0518_qwen.xlsx","copied","pass","Manifest entry has matching file."
"manifest_entry_exists","validation_data/uv_absorbance_values/gliclazide_uv_absorbance_0519_qwen.xlsx","copied","pass","Manifest entry has matching file."
"manifest_entry_exists","supplemental_copy_log.csv","generated","pass","Manifest entry has matching file."
"manifest_entry_exists","validation_data/flowthrough_images/methylene_blue_standard_viscosity_0000.500.jpg","copied","pass","Manifest entry has matching file."
"manifest_entry_exists","validation_data/flowthrough_images/methylene_blue_standard_viscosity_0030.000.jpg","copied","pass","Manifest entry has matching file."
"manifest_entry_exists","validation_data/flowthrough_images/methylene_blue_standard_viscosity_0060.000.jpg","copied","pass","Manifest entry has matching file."
"manifest_entry_exists","validation_data/flowthrough_images/methylene_blue_standard_viscosity_0090.000.jpg","copied","pass","Manifest entry has matching file."
"manifest_entry_exists","validation_data/flowthrough_images/methylene_blue_standard_viscosity_0114.000.jpg","copied","pass","Manifest entry has matching file."
"manifest_entry_exists","validation_data/flowthrough_images/methylene_blue_low_viscosity_0000.500.jpg","copied","pass","Manifest entry has matching file."
"manifest_entry_exists","validation_data/flowthrough_images/methylene_blue_low_viscosity_0030.000.jpg","copied","pass","Manifest entry has matching file."
"manifest_entry_exists","validation_data/flowthrough_images/methylene_blue_low_viscosity_0060.000.jpg","copied","pass","Manifest entry has matching file."
"manifest_entry_exists","validation_data/flowthrough_images/methylene_blue_low_viscosity_0090.000.jpg","copied","pass","Manifest entry has matching file."
"manifest_entry_exists","validation_data/flowthrough_images/methylene_blue_low_viscosity_0114.000.jpg","copied","pass","Manifest entry has matching file."
"manifest_entry_exists","validation_data/flowthrough_images/methylene_blue_high_viscosity_0000.500.jpg","copied","pass","Manifest entry has matching file."
"manifest_entry_exists","validation_data/flowthrough_images/methylene_blue_high_viscosity_0030.000.jpg","copied","pass","Manifest entry has matching file."
"manifest_entry_exists","validation_data/flowthrough_images/methylene_blue_high_viscosity_0060.000.jpg","copied","pass","Manifest entry has matching file."
"manifest_entry_exists","validation_data/flowthrough_images/methylene_blue_high_viscosity_0090.000.jpg","copied","pass","Manifest entry has matching file."
"manifest_entry_exists","validation_data/flowthrough_images/methylene_blue_high_viscosity_0114.000.jpg","copied","pass","Manifest entry has matching file."
"manifest_entry_exists","validation_data/flowthrough_images/sample_manifest.csv","generated","pass","Manifest entry has matching file."
